augmented_image_name,label
batch_43_image_0.png,1
batch_43_image_1.png,1
batch_43_image_10.png,1
batch_43_image_11.png,1
batch_43_image_12.png,1
batch_43_image_13.png,1
batch_43_image_14.png,1
batch_43_image_15.png,1
batch_43_image_16.png,1
batch_43_image_17.png,1
batch_43_image_18.png,1
batch_43_image_19.png,1
batch_43_image_2.png,1
batch_43_image_20.png,1
batch_43_image_21.png,1
batch_43_image_22.png,1
batch_43_image_23.png,1
batch_43_image_24.png,1
batch_43_image_25.png,1
batch_43_image_26.png,1
batch_43_image_27.png,1
batch_43_image_28.png,1
batch_43_image_29.png,1
batch_43_image_3.png,1
batch_43_image_30.png,1
batch_43_image_31.png,1
batch_43_image_32.png,1
batch_43_image_33.png,1
batch_43_image_34.png,1
batch_43_image_35.png,1
batch_43_image_36.png,1
batch_43_image_37.png,1
batch_43_image_38.png,1
batch_43_image_39.png,1
batch_43_image_4.png,1
batch_43_image_40.png,1
batch_43_image_41.png,1
batch_43_image_42.png,1
batch_43_image_43.png,1
batch_43_image_44.png,1
batch_43_image_45.png,1
batch_43_image_46.png,1
batch_43_image_47.png,1
batch_43_image_48.png,1
batch_43_image_49.png,1
batch_43_image_5.png,1
batch_43_image_50.png,1
batch_43_image_51.png,1
batch_43_image_52.png,1
batch_43_image_53.png,1
batch_43_image_54.png,1
batch_43_image_55.png,1
batch_43_image_56.png,1
batch_43_image_57.png,1
batch_43_image_58.png,1
batch_43_image_59.png,1
batch_43_image_6.png,1
batch_43_image_60.png,1
batch_43_image_61.png,1
batch_43_image_62.png,1
batch_43_image_63.png,1
batch_43_image_7.png,1
batch_43_image_8.png,1
batch_43_image_9.png,1
seed_1312_image_0.png,1
seed_1312_image_1.png,1
seed_1312_image_10.png,1
seed_1312_image_100.png,1
seed_1312_image_101.png,1
seed_1312_image_102.png,1
seed_1312_image_103.png,1
seed_1312_image_104.png,1
seed_1312_image_105.png,1
seed_1312_image_106.png,1
seed_1312_image_107.png,1
seed_1312_image_108.png,1
seed_1312_image_109.png,1
seed_1312_image_11.png,1
seed_1312_image_110.png,1
seed_1312_image_111.png,1
seed_1312_image_112.png,1
seed_1312_image_113.png,1
seed_1312_image_114.png,1
seed_1312_image_115.png,1
seed_1312_image_116.png,1
seed_1312_image_117.png,1
seed_1312_image_118.png,1
seed_1312_image_119.png,1
seed_1312_image_12.png,1
seed_1312_image_120.png,1
seed_1312_image_121.png,1
seed_1312_image_122.png,1
seed_1312_image_123.png,1
seed_1312_image_124.png,1
seed_1312_image_125.png,1
seed_1312_image_126.png,1
seed_1312_image_127.png,1
seed_1312_image_13.png,1
seed_1312_image_14.png,1
seed_1312_image_15.png,1
seed_1312_image_16.png,1
seed_1312_image_17.png,1
seed_1312_image_18.png,1
seed_1312_image_19.png,1
seed_1312_image_2.png,1
seed_1312_image_20.png,1
seed_1312_image_21.png,1
seed_1312_image_22.png,1
seed_1312_image_23.png,1
seed_1312_image_24.png,1
seed_1312_image_25.png,1
seed_1312_image_26.png,1
seed_1312_image_27.png,1
seed_1312_image_28.png,1
seed_1312_image_29.png,1
seed_1312_image_3.png,1
seed_1312_image_30.png,1
seed_1312_image_31.png,1
seed_1312_image_32.png,1
seed_1312_image_33.png,1
seed_1312_image_34.png,1
seed_1312_image_35.png,1
seed_1312_image_36.png,1
seed_1312_image_37.png,1
seed_1312_image_38.png,1
seed_1312_image_39.png,1
seed_1312_image_4.png,1
seed_1312_image_40.png,1
seed_1312_image_41.png,1
seed_1312_image_42.png,1
seed_1312_image_43.png,1
seed_1312_image_44.png,1
seed_1312_image_45.png,1
seed_1312_image_46.png,1
seed_1312_image_47.png,1
seed_1312_image_48.png,1
seed_1312_image_49.png,1
seed_1312_image_5.png,1
seed_1312_image_50.png,1
seed_1312_image_51.png,1
seed_1312_image_52.png,1
seed_1312_image_53.png,1
seed_1312_image_54.png,1
seed_1312_image_55.png,1
seed_1312_image_56.png,1
seed_1312_image_57.png,1
seed_1312_image_58.png,1
seed_1312_image_59.png,1
seed_1312_image_6.png,1
seed_1312_image_60.png,1
seed_1312_image_61.png,1
seed_1312_image_62.png,1
seed_1312_image_63.png,1
seed_1312_image_64.png,1
seed_1312_image_65.png,1
seed_1312_image_66.png,1
seed_1312_image_67.png,1
seed_1312_image_68.png,1
seed_1312_image_69.png,1
seed_1312_image_7.png,1
seed_1312_image_70.png,1
seed_1312_image_71.png,1
seed_1312_image_72.png,1
seed_1312_image_73.png,1
seed_1312_image_74.png,1
seed_1312_image_75.png,1
seed_1312_image_76.png,1
seed_1312_image_77.png,1
seed_1312_image_78.png,1
seed_1312_image_79.png,1
seed_1312_image_8.png,1
seed_1312_image_80.png,1
seed_1312_image_81.png,1
seed_1312_image_82.png,1
seed_1312_image_83.png,1
seed_1312_image_84.png,1
seed_1312_image_85.png,1
seed_1312_image_86.png,1
seed_1312_image_87.png,1
seed_1312_image_88.png,1
seed_1312_image_89.png,1
seed_1312_image_9.png,1
seed_1312_image_90.png,1
seed_1312_image_91.png,1
seed_1312_image_92.png,1
seed_1312_image_93.png,1
seed_1312_image_94.png,1
seed_1312_image_95.png,1
seed_1312_image_96.png,1
seed_1312_image_97.png,1
seed_1312_image_98.png,1
seed_1312_image_99.png,1
seed_4073_image_0.png,1
seed_4073_image_1.png,1
seed_4073_image_10.png,1
seed_4073_image_100.png,1
seed_4073_image_101.png,1
seed_4073_image_102.png,1
seed_4073_image_103.png,1
seed_4073_image_104.png,1
seed_4073_image_105.png,1
seed_4073_image_106.png,1
seed_4073_image_107.png,1
seed_4073_image_108.png,1
seed_4073_image_109.png,1
seed_4073_image_11.png,1
seed_4073_image_110.png,1
seed_4073_image_111.png,1
seed_4073_image_112.png,1
seed_4073_image_113.png,1
seed_4073_image_114.png,1
seed_4073_image_115.png,1
seed_4073_image_116.png,1
seed_4073_image_117.png,1
seed_4073_image_118.png,1
seed_4073_image_119.png,1
seed_4073_image_12.png,1
seed_4073_image_120.png,1
seed_4073_image_121.png,1
seed_4073_image_122.png,1
seed_4073_image_123.png,1
seed_4073_image_124.png,1
seed_4073_image_125.png,1
seed_4073_image_126.png,1
seed_4073_image_127.png,1
seed_4073_image_13.png,1
seed_4073_image_14.png,1
seed_4073_image_15.png,1
seed_4073_image_16.png,1
seed_4073_image_17.png,1
seed_4073_image_18.png,1
seed_4073_image_19.png,1
seed_4073_image_2.png,1
seed_4073_image_20.png,1
seed_4073_image_21.png,1
seed_4073_image_22.png,1
seed_4073_image_23.png,1
seed_4073_image_24.png,1
seed_4073_image_25.png,1
seed_4073_image_26.png,1
seed_4073_image_27.png,1
seed_4073_image_28.png,1
seed_4073_image_29.png,1
seed_4073_image_3.png,1
seed_4073_image_30.png,1
seed_4073_image_31.png,1
seed_4073_image_32.png,1
seed_4073_image_33.png,1
seed_4073_image_34.png,1
seed_4073_image_35.png,1
seed_4073_image_36.png,1
seed_4073_image_37.png,1
seed_4073_image_38.png,1
seed_4073_image_39.png,1
seed_4073_image_4.png,1
seed_4073_image_40.png,1
seed_4073_image_41.png,1
seed_4073_image_42.png,1
seed_4073_image_43.png,1
seed_4073_image_44.png,1
seed_4073_image_45.png,1
seed_4073_image_46.png,1
seed_4073_image_47.png,1
seed_4073_image_48.png,1
seed_4073_image_49.png,1
seed_4073_image_5.png,1
seed_4073_image_50.png,1
seed_4073_image_51.png,1
seed_4073_image_52.png,1
seed_4073_image_53.png,1
seed_4073_image_54.png,1
seed_4073_image_55.png,1
seed_4073_image_56.png,1
seed_4073_image_57.png,1
seed_4073_image_58.png,1
seed_4073_image_59.png,1
seed_4073_image_6.png,1
seed_4073_image_60.png,1
seed_4073_image_61.png,1
seed_4073_image_62.png,1
seed_4073_image_63.png,1
seed_4073_image_64.png,1
seed_4073_image_65.png,1
seed_4073_image_66.png,1
seed_4073_image_67.png,1
seed_4073_image_68.png,1
seed_4073_image_69.png,1
seed_4073_image_7.png,1
seed_4073_image_70.png,1
seed_4073_image_71.png,1
seed_4073_image_72.png,1
seed_4073_image_73.png,1
seed_4073_image_74.png,1
seed_4073_image_75.png,1
seed_4073_image_76.png,1
seed_4073_image_77.png,1
seed_4073_image_78.png,1
seed_4073_image_79.png,1
seed_4073_image_8.png,1
seed_4073_image_80.png,1
seed_4073_image_81.png,1
seed_4073_image_82.png,1
seed_4073_image_83.png,1
seed_4073_image_84.png,1
seed_4073_image_85.png,1
seed_4073_image_86.png,1
seed_4073_image_87.png,1
seed_4073_image_88.png,1
seed_4073_image_89.png,1
seed_4073_image_9.png,1
seed_4073_image_90.png,1
seed_4073_image_91.png,1
seed_4073_image_92.png,1
seed_4073_image_93.png,1
seed_4073_image_94.png,1
seed_4073_image_95.png,1
seed_4073_image_96.png,1
seed_4073_image_97.png,1
seed_4073_image_98.png,1
seed_4073_image_99.png,1
seed_7484_image_0.png,1
seed_7484_image_1.png,1
seed_7484_image_10.png,1
seed_7484_image_100.png,1
seed_7484_image_101.png,1
seed_7484_image_102.png,1
seed_7484_image_103.png,1
seed_7484_image_104.png,1
seed_7484_image_105.png,1
seed_7484_image_106.png,1
seed_7484_image_107.png,1
seed_7484_image_108.png,1
seed_7484_image_109.png,1
seed_7484_image_11.png,1
seed_7484_image_110.png,1
seed_7484_image_111.png,1
seed_7484_image_112.png,1
seed_7484_image_113.png,1
seed_7484_image_114.png,1
seed_7484_image_115.png,1
seed_7484_image_116.png,1
seed_7484_image_117.png,1
seed_7484_image_118.png,1
seed_7484_image_119.png,1
seed_7484_image_12.png,1
seed_7484_image_120.png,1
seed_7484_image_121.png,1
seed_7484_image_122.png,1
seed_7484_image_123.png,1
seed_7484_image_124.png,1
seed_7484_image_125.png,1
seed_7484_image_126.png,1
seed_7484_image_127.png,1
seed_7484_image_13.png,1
seed_7484_image_14.png,1
seed_7484_image_15.png,1
seed_7484_image_16.png,1
seed_7484_image_17.png,1
seed_7484_image_18.png,1
seed_7484_image_19.png,1
seed_7484_image_2.png,1
seed_7484_image_20.png,1
seed_7484_image_21.png,1
seed_7484_image_22.png,1
seed_7484_image_23.png,1
seed_7484_image_24.png,1
seed_7484_image_25.png,1
seed_7484_image_26.png,1
seed_7484_image_27.png,1
seed_7484_image_28.png,1
seed_7484_image_29.png,1
seed_7484_image_3.png,1
seed_7484_image_30.png,1
seed_7484_image_31.png,1
seed_7484_image_32.png,1
seed_7484_image_33.png,1
seed_7484_image_34.png,1
seed_7484_image_35.png,1
seed_7484_image_36.png,1
seed_7484_image_37.png,1
seed_7484_image_38.png,1
seed_7484_image_39.png,1
seed_7484_image_4.png,1
seed_7484_image_40.png,1
seed_7484_image_41.png,1
seed_7484_image_42.png,1
seed_7484_image_43.png,1
seed_7484_image_44.png,1
seed_7484_image_45.png,1
seed_7484_image_46.png,1
seed_7484_image_47.png,1
seed_7484_image_48.png,1
seed_7484_image_49.png,1
seed_7484_image_5.png,1
seed_7484_image_50.png,1
seed_7484_image_51.png,1
seed_7484_image_52.png,1
seed_7484_image_53.png,1
seed_7484_image_54.png,1
seed_7484_image_55.png,1
seed_7484_image_56.png,1
seed_7484_image_57.png,1
seed_7484_image_58.png,1
seed_7484_image_59.png,1
seed_7484_image_6.png,1
seed_7484_image_60.png,1
seed_7484_image_61.png,1
seed_7484_image_62.png,1
seed_7484_image_63.png,1
seed_7484_image_64.png,1
seed_7484_image_65.png,1
seed_7484_image_66.png,1
seed_7484_image_67.png,1
seed_7484_image_68.png,1
seed_7484_image_69.png,1
seed_7484_image_7.png,1
seed_7484_image_70.png,1
seed_7484_image_71.png,1
seed_7484_image_72.png,1
seed_7484_image_73.png,1
seed_7484_image_74.png,1
seed_7484_image_75.png,1
seed_7484_image_76.png,1
seed_7484_image_77.png,1
seed_7484_image_78.png,1
seed_7484_image_79.png,1
seed_7484_image_8.png,1
seed_7484_image_80.png,1
seed_7484_image_81.png,1
seed_7484_image_82.png,1
seed_7484_image_83.png,1
seed_7484_image_84.png,1
seed_7484_image_85.png,1
seed_7484_image_86.png,1
seed_7484_image_87.png,1
seed_7484_image_88.png,1
seed_7484_image_89.png,1
seed_7484_image_9.png,1
seed_7484_image_90.png,1
seed_7484_image_91.png,1
seed_7484_image_92.png,1
seed_7484_image_93.png,1
seed_7484_image_94.png,1
seed_7484_image_95.png,1
seed_7484_image_96.png,1
seed_7484_image_97.png,1
seed_7484_image_98.png,1
seed_7484_image_99.png,1
seed_999_image_0.png,1
seed_999_image_1.png,1
seed_999_image_10.png,1
seed_999_image_100.png,1
seed_999_image_101.png,1
seed_999_image_102.png,1
seed_999_image_103.png,1
seed_999_image_104.png,1
seed_999_image_105.png,1
seed_999_image_106.png,1
seed_999_image_107.png,1
seed_999_image_108.png,1
seed_999_image_109.png,1
seed_999_image_11.png,1
seed_999_image_110.png,1
seed_999_image_111.png,1
seed_999_image_112.png,1
seed_999_image_113.png,1
seed_999_image_114.png,1
seed_999_image_115.png,1
seed_999_image_116.png,1
seed_999_image_117.png,1
seed_999_image_118.png,1
seed_999_image_119.png,1
seed_999_image_12.png,1
seed_999_image_120.png,1
seed_999_image_121.png,1
seed_999_image_122.png,1
seed_999_image_123.png,1
seed_999_image_124.png,1
seed_999_image_125.png,1
seed_999_image_126.png,1
seed_999_image_127.png,1
seed_999_image_13.png,1
seed_999_image_14.png,1
seed_999_image_15.png,1
seed_999_image_16.png,1
seed_999_image_17.png,1
seed_999_image_18.png,1
seed_999_image_19.png,1
seed_999_image_2.png,1
seed_999_image_20.png,1
seed_999_image_21.png,1
seed_999_image_22.png,1
seed_999_image_23.png,1
seed_999_image_24.png,1
seed_999_image_25.png,1
seed_999_image_26.png,1
seed_999_image_27.png,1
seed_999_image_28.png,1
seed_999_image_29.png,1
seed_999_image_3.png,1
seed_999_image_30.png,1
seed_999_image_31.png,1
seed_999_image_32.png,1
seed_999_image_33.png,1
seed_999_image_34.png,1
seed_999_image_35.png,1
seed_999_image_36.png,1
seed_999_image_37.png,1
seed_999_image_38.png,1
seed_999_image_39.png,1
seed_999_image_4.png,1
seed_999_image_40.png,1
seed_999_image_41.png,1
seed_999_image_42.png,1
seed_999_image_43.png,1
seed_999_image_44.png,1
seed_999_image_45.png,1
seed_999_image_46.png,1
seed_999_image_47.png,1
seed_999_image_48.png,1
seed_999_image_49.png,1
seed_999_image_5.png,1
seed_999_image_50.png,1
seed_999_image_51.png,1
seed_999_image_52.png,1
seed_999_image_53.png,1
seed_999_image_54.png,1
seed_999_image_55.png,1
seed_999_image_56.png,1
seed_999_image_57.png,1
seed_999_image_58.png,1
seed_999_image_59.png,1
seed_999_image_6.png,1
seed_999_image_60.png,1
seed_999_image_61.png,1
seed_999_image_62.png,1
seed_999_image_63.png,1
seed_999_image_64.png,1
seed_999_image_65.png,1
seed_999_image_66.png,1
seed_999_image_67.png,1
seed_999_image_68.png,1
seed_999_image_69.png,1
seed_999_image_7.png,1
seed_999_image_70.png,1
seed_999_image_71.png,1
seed_999_image_72.png,1
seed_999_image_73.png,1
seed_999_image_74.png,1
seed_999_image_75.png,1
seed_999_image_76.png,1
seed_999_image_77.png,1
seed_999_image_78.png,1
seed_999_image_79.png,1
seed_999_image_8.png,1
seed_999_image_80.png,1
seed_999_image_81.png,1
seed_999_image_82.png,1
seed_999_image_83.png,1
seed_999_image_84.png,1
seed_999_image_85.png,1
seed_999_image_86.png,1
seed_999_image_87.png,1
seed_999_image_88.png,1
seed_999_image_89.png,1
seed_999_image_9.png,1
seed_999_image_90.png,1
seed_999_image_91.png,1
seed_999_image_92.png,1
seed_999_image_93.png,1
seed_999_image_94.png,1
seed_999_image_95.png,1
seed_999_image_96.png,1
seed_999_image_97.png,1
seed_999_image_98.png,1
seed_999_image_99.png,1
augmented_batch_43_image_0.png,1
augmented_batch_43_image_1.png,1
augmented_batch_43_image_10.png,1
augmented_batch_43_image_11.png,1
augmented_batch_43_image_12.png,1
augmented_batch_43_image_13.png,1
augmented_batch_43_image_14.png,1
augmented_batch_43_image_15.png,1
augmented_batch_43_image_16.png,1
augmented_batch_43_image_17.png,1
augmented_batch_43_image_18.png,1
augmented_batch_43_image_19.png,1
augmented_batch_43_image_2.png,1
augmented_batch_43_image_20.png,1
augmented_batch_43_image_21.png,1
augmented_batch_43_image_22.png,1
augmented_batch_43_image_23.png,1
augmented_batch_43_image_24.png,1
augmented_batch_43_image_25.png,1
augmented_batch_43_image_26.png,1
augmented_batch_43_image_27.png,1
augmented_batch_43_image_28.png,1
augmented_batch_43_image_29.png,1
augmented_batch_43_image_3.png,1
augmented_batch_43_image_30.png,1
augmented_batch_43_image_31.png,1
augmented_batch_43_image_32.png,1
augmented_batch_43_image_33.png,1
augmented_batch_43_image_34.png,1
augmented_batch_43_image_35.png,1
augmented_batch_43_image_36.png,1
augmented_batch_43_image_37.png,1
augmented_batch_43_image_38.png,1
augmented_batch_43_image_39.png,1
augmented_batch_43_image_4.png,1
augmented_batch_43_image_40.png,1
augmented_batch_43_image_41.png,1
augmented_batch_43_image_42.png,1
augmented_batch_43_image_43.png,1
augmented_batch_43_image_44.png,1
augmented_batch_43_image_45.png,1
augmented_batch_43_image_46.png,1
augmented_batch_43_image_47.png,1
augmented_batch_43_image_48.png,1
augmented_batch_43_image_49.png,1
augmented_batch_43_image_5.png,1
augmented_batch_43_image_50.png,1
augmented_batch_43_image_51.png,1
augmented_batch_43_image_52.png,1
augmented_batch_43_image_53.png,1
augmented_batch_43_image_54.png,1
augmented_batch_43_image_55.png,1
augmented_batch_43_image_56.png,1
augmented_batch_43_image_57.png,1
augmented_batch_43_image_58.png,1
augmented_batch_43_image_59.png,1
augmented_batch_43_image_6.png,1
augmented_batch_43_image_60.png,1
augmented_batch_43_image_61.png,1
augmented_batch_43_image_62.png,1
augmented_batch_43_image_63.png,1
augmented_batch_43_image_7.png,1
augmented_batch_43_image_8.png,1
augmented_batch_43_image_9.png,1
augmented_seed_1312_image_0.png,1
augmented_seed_1312_image_1.png,1
augmented_seed_1312_image_10.png,1
augmented_seed_1312_image_100.png,1
augmented_seed_1312_image_101.png,1
augmented_seed_1312_image_102.png,1
augmented_seed_1312_image_103.png,1
augmented_seed_1312_image_104.png,1
augmented_seed_1312_image_105.png,1
augmented_seed_1312_image_106.png,1
augmented_seed_1312_image_107.png,1
augmented_seed_1312_image_108.png,1
augmented_seed_1312_image_109.png,1
augmented_seed_1312_image_11.png,1
augmented_seed_1312_image_110.png,1
augmented_seed_1312_image_111.png,1
augmented_seed_1312_image_112.png,1
augmented_seed_1312_image_113.png,1
augmented_seed_1312_image_114.png,1
augmented_seed_1312_image_115.png,1
augmented_seed_1312_image_116.png,1
augmented_seed_1312_image_117.png,1
augmented_seed_1312_image_118.png,1
augmented_seed_1312_image_119.png,1
augmented_seed_1312_image_12.png,1
augmented_seed_1312_image_120.png,1
augmented_seed_1312_image_121.png,1
augmented_seed_1312_image_122.png,1
augmented_seed_1312_image_123.png,1
augmented_seed_1312_image_124.png,1
augmented_seed_1312_image_125.png,1
augmented_seed_1312_image_126.png,1
augmented_seed_1312_image_127.png,1
augmented_seed_1312_image_13.png,1
augmented_seed_1312_image_14.png,1
augmented_seed_1312_image_15.png,1
augmented_seed_1312_image_16.png,1
augmented_seed_1312_image_17.png,1
augmented_seed_1312_image_18.png,1
augmented_seed_1312_image_19.png,1
augmented_seed_1312_image_2.png,1
augmented_seed_1312_image_20.png,1
augmented_seed_1312_image_21.png,1
augmented_seed_1312_image_22.png,1
augmented_seed_1312_image_23.png,1
augmented_seed_1312_image_24.png,1
augmented_seed_1312_image_25.png,1
augmented_seed_1312_image_26.png,1
augmented_seed_1312_image_27.png,1
augmented_seed_1312_image_28.png,1
augmented_seed_1312_image_29.png,1
augmented_seed_1312_image_3.png,1
augmented_seed_1312_image_30.png,1
augmented_seed_1312_image_31.png,1
augmented_seed_1312_image_32.png,1
augmented_seed_1312_image_33.png,1
augmented_seed_1312_image_34.png,1
augmented_seed_1312_image_35.png,1
augmented_seed_1312_image_36.png,1
augmented_seed_1312_image_37.png,1
augmented_seed_1312_image_38.png,1
augmented_seed_1312_image_39.png,1
augmented_seed_1312_image_4.png,1
augmented_seed_1312_image_40.png,1
augmented_seed_1312_image_41.png,1
augmented_seed_1312_image_42.png,1
augmented_seed_1312_image_43.png,1
augmented_seed_1312_image_44.png,1
augmented_seed_1312_image_45.png,1
augmented_seed_1312_image_46.png,1
augmented_seed_1312_image_47.png,1
augmented_seed_1312_image_48.png,1
augmented_seed_1312_image_49.png,1
augmented_seed_1312_image_5.png,1
augmented_seed_1312_image_50.png,1
augmented_seed_1312_image_51.png,1
augmented_seed_1312_image_52.png,1
augmented_seed_1312_image_53.png,1
augmented_seed_1312_image_54.png,1
augmented_seed_1312_image_55.png,1
augmented_seed_1312_image_56.png,1
augmented_seed_1312_image_57.png,1
augmented_seed_1312_image_58.png,1
augmented_seed_1312_image_59.png,1
augmented_seed_1312_image_6.png,1
augmented_seed_1312_image_60.png,1
augmented_seed_1312_image_61.png,1
augmented_seed_1312_image_62.png,1
augmented_seed_1312_image_63.png,1
augmented_seed_1312_image_64.png,1
augmented_seed_1312_image_65.png,1
augmented_seed_1312_image_66.png,1
augmented_seed_1312_image_67.png,1
augmented_seed_1312_image_68.png,1
augmented_seed_1312_image_69.png,1
augmented_seed_1312_image_7.png,1
augmented_seed_1312_image_70.png,1
augmented_seed_1312_image_71.png,1
augmented_seed_1312_image_72.png,1
augmented_seed_1312_image_73.png,1
augmented_seed_1312_image_74.png,1
augmented_seed_1312_image_75.png,1
augmented_seed_1312_image_76.png,1
augmented_seed_1312_image_77.png,1
augmented_seed_1312_image_78.png,1
augmented_seed_1312_image_79.png,1
augmented_seed_1312_image_8.png,1
augmented_seed_1312_image_80.png,1
augmented_seed_1312_image_81.png,1
augmented_seed_1312_image_82.png,1
augmented_seed_1312_image_83.png,1
augmented_seed_1312_image_84.png,1
augmented_seed_1312_image_85.png,1
augmented_seed_1312_image_86.png,1
augmented_seed_1312_image_87.png,1
augmented_seed_1312_image_88.png,1
augmented_seed_1312_image_89.png,1
augmented_seed_1312_image_9.png,1
augmented_seed_1312_image_90.png,1
augmented_seed_1312_image_91.png,1
augmented_seed_1312_image_92.png,1
augmented_seed_1312_image_93.png,1
augmented_seed_1312_image_94.png,1
augmented_seed_1312_image_95.png,1
augmented_seed_1312_image_96.png,1
augmented_seed_1312_image_97.png,1
augmented_seed_1312_image_98.png,1
augmented_seed_1312_image_99.png,1
augmented_seed_4073_image_0.png,1
augmented_seed_4073_image_1.png,1
augmented_seed_4073_image_10.png,1
augmented_seed_4073_image_100.png,1
augmented_seed_4073_image_101.png,1
augmented_seed_4073_image_102.png,1
augmented_seed_4073_image_103.png,1
augmented_seed_4073_image_104.png,1
augmented_seed_4073_image_105.png,1
augmented_seed_4073_image_106.png,1
augmented_seed_4073_image_107.png,1
augmented_seed_4073_image_108.png,1
augmented_seed_4073_image_109.png,1
augmented_seed_4073_image_11.png,1
augmented_seed_4073_image_110.png,1
augmented_seed_4073_image_111.png,1
augmented_seed_4073_image_112.png,1
augmented_seed_4073_image_113.png,1
augmented_seed_4073_image_114.png,1
augmented_seed_4073_image_115.png,1
augmented_seed_4073_image_116.png,1
augmented_seed_4073_image_117.png,1
augmented_seed_4073_image_118.png,1
augmented_seed_4073_image_119.png,1
augmented_seed_4073_image_12.png,1
augmented_seed_4073_image_120.png,1
augmented_seed_4073_image_121.png,1
augmented_seed_4073_image_122.png,1
augmented_seed_4073_image_123.png,1
augmented_seed_4073_image_124.png,1
augmented_seed_4073_image_125.png,1
augmented_seed_4073_image_126.png,1
augmented_seed_4073_image_127.png,1
augmented_seed_4073_image_13.png,1
augmented_seed_4073_image_14.png,1
augmented_seed_4073_image_15.png,1
augmented_seed_4073_image_16.png,1
augmented_seed_4073_image_17.png,1
augmented_seed_4073_image_18.png,1
augmented_seed_4073_image_19.png,1
augmented_seed_4073_image_2.png,1
augmented_seed_4073_image_20.png,1
augmented_seed_4073_image_21.png,1
augmented_seed_4073_image_22.png,1
augmented_seed_4073_image_23.png,1
augmented_seed_4073_image_24.png,1
augmented_seed_4073_image_25.png,1
augmented_seed_4073_image_26.png,1
augmented_seed_4073_image_27.png,1
augmented_seed_4073_image_28.png,1
augmented_seed_4073_image_29.png,1
augmented_seed_4073_image_3.png,1
augmented_seed_4073_image_30.png,1
augmented_seed_4073_image_31.png,1
augmented_seed_4073_image_32.png,1
augmented_seed_4073_image_33.png,1
augmented_seed_4073_image_34.png,1
augmented_seed_4073_image_35.png,1
augmented_seed_4073_image_36.png,1
augmented_seed_4073_image_37.png,1
augmented_seed_4073_image_38.png,1
augmented_seed_4073_image_39.png,1
augmented_seed_4073_image_4.png,1
augmented_seed_4073_image_40.png,1
augmented_seed_4073_image_41.png,1
augmented_seed_4073_image_42.png,1
augmented_seed_4073_image_43.png,1
augmented_seed_4073_image_44.png,1
augmented_seed_4073_image_45.png,1
augmented_seed_4073_image_46.png,1
augmented_seed_4073_image_47.png,1
augmented_seed_4073_image_48.png,1
augmented_seed_4073_image_49.png,1
augmented_seed_4073_image_5.png,1
augmented_seed_4073_image_50.png,1
augmented_seed_4073_image_51.png,1
augmented_seed_4073_image_52.png,1
augmented_seed_4073_image_53.png,1
augmented_seed_4073_image_54.png,1
augmented_seed_4073_image_55.png,1
augmented_seed_4073_image_56.png,1
augmented_seed_4073_image_57.png,1
augmented_seed_4073_image_58.png,1
augmented_seed_4073_image_59.png,1
augmented_seed_4073_image_6.png,1
augmented_seed_4073_image_60.png,1
augmented_seed_4073_image_61.png,1
augmented_seed_4073_image_62.png,1
augmented_seed_4073_image_63.png,1
augmented_seed_4073_image_64.png,1
augmented_seed_4073_image_65.png,1
augmented_seed_4073_image_66.png,1
augmented_seed_4073_image_67.png,1
augmented_seed_4073_image_68.png,1
augmented_seed_4073_image_69.png,1
augmented_seed_4073_image_7.png,1
augmented_seed_4073_image_70.png,1
augmented_seed_4073_image_71.png,1
augmented_seed_4073_image_72.png,1
augmented_seed_4073_image_73.png,1
augmented_seed_4073_image_74.png,1
augmented_seed_4073_image_75.png,1
augmented_seed_4073_image_76.png,1
augmented_seed_4073_image_77.png,1
augmented_seed_4073_image_78.png,1
augmented_seed_4073_image_79.png,1
augmented_seed_4073_image_8.png,1
augmented_seed_4073_image_80.png,1
augmented_seed_4073_image_81.png,1
augmented_seed_4073_image_82.png,1
augmented_seed_4073_image_83.png,1
augmented_seed_4073_image_84.png,1
augmented_seed_4073_image_85.png,1
augmented_seed_4073_image_86.png,1
augmented_seed_4073_image_87.png,1
augmented_seed_4073_image_88.png,1
augmented_seed_4073_image_89.png,1
augmented_seed_4073_image_9.png,1
augmented_seed_4073_image_90.png,1
augmented_seed_4073_image_91.png,1
augmented_seed_4073_image_92.png,1
augmented_seed_4073_image_93.png,1
augmented_seed_4073_image_94.png,1
augmented_seed_4073_image_95.png,1
augmented_seed_4073_image_96.png,1
augmented_seed_4073_image_97.png,1
augmented_seed_4073_image_98.png,1
augmented_seed_4073_image_99.png,1
augmented_seed_7484_image_0.png,1
augmented_seed_7484_image_1.png,1
augmented_seed_7484_image_10.png,1
augmented_seed_7484_image_100.png,1
augmented_seed_7484_image_101.png,1
augmented_seed_7484_image_102.png,1
augmented_seed_7484_image_103.png,1
augmented_seed_7484_image_104.png,1
augmented_seed_7484_image_105.png,1
augmented_seed_7484_image_106.png,1
augmented_seed_7484_image_107.png,1
augmented_seed_7484_image_108.png,1
augmented_seed_7484_image_109.png,1
augmented_seed_7484_image_11.png,1
augmented_seed_7484_image_110.png,1
augmented_seed_7484_image_111.png,1
augmented_seed_7484_image_112.png,1
augmented_seed_7484_image_113.png,1
augmented_seed_7484_image_114.png,1
augmented_seed_7484_image_115.png,1
augmented_seed_7484_image_116.png,1
augmented_seed_7484_image_117.png,1
augmented_seed_7484_image_118.png,1
augmented_seed_7484_image_119.png,1
augmented_seed_7484_image_12.png,1
augmented_seed_7484_image_120.png,1
augmented_seed_7484_image_121.png,1
augmented_seed_7484_image_122.png,1
augmented_seed_7484_image_123.png,1
augmented_seed_7484_image_124.png,1
augmented_seed_7484_image_125.png,1
augmented_seed_7484_image_126.png,1
augmented_seed_7484_image_127.png,1
augmented_seed_7484_image_13.png,1
augmented_seed_7484_image_14.png,1
augmented_seed_7484_image_15.png,1
augmented_seed_7484_image_16.png,1
augmented_seed_7484_image_17.png,1
augmented_seed_7484_image_18.png,1
augmented_seed_7484_image_19.png,1
augmented_seed_7484_image_2.png,1
augmented_seed_7484_image_20.png,1
augmented_seed_7484_image_21.png,1
augmented_seed_7484_image_22.png,1
augmented_seed_7484_image_23.png,1
augmented_seed_7484_image_24.png,1
augmented_seed_7484_image_25.png,1
augmented_seed_7484_image_26.png,1
augmented_seed_7484_image_27.png,1
augmented_seed_7484_image_28.png,1
augmented_seed_7484_image_29.png,1
augmented_seed_7484_image_3.png,1
augmented_seed_7484_image_30.png,1
augmented_seed_7484_image_31.png,1
augmented_seed_7484_image_32.png,1
augmented_seed_7484_image_33.png,1
augmented_seed_7484_image_34.png,1
augmented_seed_7484_image_35.png,1
augmented_seed_7484_image_36.png,1
augmented_seed_7484_image_37.png,1
augmented_seed_7484_image_38.png,1
augmented_seed_7484_image_39.png,1
augmented_seed_7484_image_4.png,1
augmented_seed_7484_image_40.png,1
augmented_seed_7484_image_41.png,1
augmented_seed_7484_image_42.png,1
augmented_seed_7484_image_43.png,1
augmented_seed_7484_image_44.png,1
augmented_seed_7484_image_45.png,1
augmented_seed_7484_image_46.png,1
augmented_seed_7484_image_47.png,1
augmented_seed_7484_image_48.png,1
augmented_seed_7484_image_49.png,1
augmented_seed_7484_image_5.png,1
augmented_seed_7484_image_50.png,1
augmented_seed_7484_image_51.png,1
augmented_seed_7484_image_52.png,1
augmented_seed_7484_image_53.png,1
augmented_seed_7484_image_54.png,1
augmented_seed_7484_image_55.png,1
augmented_seed_7484_image_56.png,1
augmented_seed_7484_image_57.png,1
augmented_seed_7484_image_58.png,1
augmented_seed_7484_image_59.png,1
augmented_seed_7484_image_6.png,1
augmented_seed_7484_image_60.png,1
augmented_seed_7484_image_61.png,1
augmented_seed_7484_image_62.png,1
augmented_seed_7484_image_63.png,1
augmented_seed_7484_image_64.png,1
augmented_seed_7484_image_65.png,1
augmented_seed_7484_image_66.png,1
augmented_seed_7484_image_67.png,1
augmented_seed_7484_image_68.png,1
augmented_seed_7484_image_69.png,1
augmented_seed_7484_image_7.png,1
augmented_seed_7484_image_70.png,1
augmented_seed_7484_image_71.png,1
augmented_seed_7484_image_72.png,1
augmented_seed_7484_image_73.png,1
augmented_seed_7484_image_74.png,1
augmented_seed_7484_image_75.png,1
augmented_seed_7484_image_76.png,1
augmented_seed_7484_image_77.png,1
augmented_seed_7484_image_78.png,1
augmented_seed_7484_image_79.png,1
augmented_seed_7484_image_8.png,1
augmented_seed_7484_image_80.png,1
augmented_seed_7484_image_81.png,1
augmented_seed_7484_image_82.png,1
augmented_seed_7484_image_83.png,1
augmented_seed_7484_image_84.png,1
augmented_seed_7484_image_85.png,1
augmented_seed_7484_image_86.png,1
augmented_seed_7484_image_87.png,1
augmented_seed_7484_image_88.png,1
augmented_seed_7484_image_89.png,1
augmented_seed_7484_image_9.png,1
augmented_seed_7484_image_90.png,1
augmented_seed_7484_image_91.png,1
augmented_seed_7484_image_92.png,1
augmented_seed_7484_image_93.png,1
augmented_seed_7484_image_94.png,1
augmented_seed_7484_image_95.png,1
augmented_seed_7484_image_96.png,1
augmented_seed_7484_image_97.png,1
augmented_seed_7484_image_98.png,1
augmented_seed_7484_image_99.png,1
augmented_seed_999_image_0.png,1
augmented_seed_999_image_1.png,1
augmented_seed_999_image_10.png,1
augmented_seed_999_image_100.png,1
augmented_seed_999_image_101.png,1
augmented_seed_999_image_102.png,1
augmented_seed_999_image_103.png,1
augmented_seed_999_image_104.png,1
augmented_seed_999_image_105.png,1
augmented_seed_999_image_106.png,1
augmented_seed_999_image_107.png,1
augmented_seed_999_image_108.png,1
augmented_seed_999_image_109.png,1
augmented_seed_999_image_11.png,1
augmented_seed_999_image_110.png,1
augmented_seed_999_image_111.png,1
augmented_seed_999_image_112.png,1
augmented_seed_999_image_113.png,1
augmented_seed_999_image_114.png,1
augmented_seed_999_image_115.png,1
augmented_seed_999_image_116.png,1
augmented_seed_999_image_117.png,1
augmented_seed_999_image_118.png,1
augmented_seed_999_image_119.png,1
augmented_seed_999_image_12.png,1
augmented_seed_999_image_120.png,1
augmented_seed_999_image_121.png,1
augmented_seed_999_image_122.png,1
augmented_seed_999_image_123.png,1
augmented_seed_999_image_124.png,1
augmented_seed_999_image_125.png,1
augmented_seed_999_image_126.png,1
augmented_seed_999_image_127.png,1
augmented_seed_999_image_13.png,1
augmented_seed_999_image_14.png,1
augmented_seed_999_image_15.png,1
augmented_seed_999_image_16.png,1
augmented_seed_999_image_17.png,1
augmented_seed_999_image_18.png,1
augmented_seed_999_image_19.png,1
augmented_seed_999_image_2.png,1
augmented_seed_999_image_20.png,1
augmented_seed_999_image_21.png,1
augmented_seed_999_image_22.png,1
augmented_seed_999_image_23.png,1
augmented_seed_999_image_24.png,1
augmented_seed_999_image_25.png,1
augmented_seed_999_image_26.png,1
augmented_seed_999_image_27.png,1
augmented_seed_999_image_28.png,1
augmented_seed_999_image_29.png,1
augmented_seed_999_image_3.png,1
augmented_seed_999_image_30.png,1
augmented_seed_999_image_31.png,1
augmented_seed_999_image_32.png,1
augmented_seed_999_image_33.png,1
augmented_seed_999_image_34.png,1
augmented_seed_999_image_35.png,1
augmented_seed_999_image_36.png,1
augmented_seed_999_image_37.png,1
augmented_seed_999_image_38.png,1
augmented_seed_999_image_39.png,1
augmented_seed_999_image_4.png,1
augmented_seed_999_image_40.png,1
augmented_seed_999_image_41.png,1
augmented_seed_999_image_42.png,1
augmented_seed_999_image_43.png,1
augmented_seed_999_image_44.png,1
augmented_seed_999_image_45.png,1
augmented_seed_999_image_46.png,1
augmented_seed_999_image_47.png,1
augmented_seed_999_image_48.png,1
augmented_seed_999_image_49.png,1
augmented_seed_999_image_5.png,1
augmented_seed_999_image_50.png,1
augmented_seed_999_image_51.png,1
augmented_seed_999_image_52.png,1
augmented_seed_999_image_53.png,1
augmented_seed_999_image_54.png,1
augmented_seed_999_image_55.png,1
augmented_seed_999_image_56.png,1
augmented_seed_999_image_57.png,1
augmented_seed_999_image_58.png,1
augmented_seed_999_image_59.png,1
augmented_seed_999_image_6.png,1
augmented_seed_999_image_60.png,1
augmented_seed_999_image_61.png,1
augmented_seed_999_image_62.png,1
augmented_seed_999_image_63.png,1
augmented_seed_999_image_64.png,1
augmented_seed_999_image_65.png,1
augmented_seed_999_image_66.png,1
augmented_seed_999_image_67.png,1
augmented_seed_999_image_68.png,1
augmented_seed_999_image_69.png,1
augmented_seed_999_image_7.png,1
augmented_seed_999_image_70.png,1
augmented_seed_999_image_71.png,1
augmented_seed_999_image_72.png,1
augmented_seed_999_image_73.png,1
augmented_seed_999_image_74.png,1
augmented_seed_999_image_75.png,1
augmented_seed_999_image_76.png,1
augmented_seed_999_image_77.png,1
augmented_seed_999_image_78.png,1
augmented_seed_999_image_79.png,1
augmented_seed_999_image_8.png,1
augmented_seed_999_image_80.png,1
augmented_seed_999_image_81.png,1
augmented_seed_999_image_82.png,1
augmented_seed_999_image_83.png,1
augmented_seed_999_image_84.png,1
augmented_seed_999_image_85.png,1
augmented_seed_999_image_86.png,1
augmented_seed_999_image_87.png,1
augmented_seed_999_image_88.png,1
augmented_seed_999_image_89.png,1
augmented_seed_999_image_9.png,1
augmented_seed_999_image_90.png,1
augmented_seed_999_image_91.png,1
augmented_seed_999_image_92.png,1
augmented_seed_999_image_93.png,1
augmented_seed_999_image_94.png,1
augmented_seed_999_image_95.png,1
augmented_seed_999_image_96.png,1
augmented_seed_999_image_97.png,1
augmented_seed_999_image_98.png,1
augmented_seed_999_image_99.png,1
batch_43_image_0.png,1
batch_43_image_1.png,1
batch_43_image_10.png,1
batch_43_image_11.png,1
batch_43_image_12.png,1
batch_43_image_13.png,1
batch_43_image_14.png,1
batch_43_image_15.png,1
batch_43_image_16.png,1
batch_43_image_17.png,1
batch_43_image_18.png,1
batch_43_image_19.png,1
batch_43_image_2.png,1
batch_43_image_20.png,1
batch_43_image_21.png,1
batch_43_image_22.png,1
batch_43_image_23.png,1
batch_43_image_24.png,1
batch_43_image_25.png,1
batch_43_image_26.png,1
batch_43_image_27.png,1
batch_43_image_28.png,1
batch_43_image_29.png,1
batch_43_image_3.png,1
batch_43_image_30.png,1
batch_43_image_31.png,1
batch_43_image_32.png,1
batch_43_image_33.png,1
batch_43_image_34.png,1
batch_43_image_35.png,1
batch_43_image_36.png,1
batch_43_image_37.png,1
batch_43_image_38.png,1
batch_43_image_39.png,1
batch_43_image_4.png,1
batch_43_image_40.png,1
batch_43_image_41.png,1
batch_43_image_42.png,1
batch_43_image_43.png,1
batch_43_image_44.png,1
batch_43_image_45.png,1
batch_43_image_46.png,1
batch_43_image_47.png,1
batch_43_image_48.png,1
batch_43_image_49.png,1
batch_43_image_5.png,1
batch_43_image_50.png,1
batch_43_image_51.png,1
batch_43_image_52.png,1
batch_43_image_53.png,1
batch_43_image_54.png,1
batch_43_image_55.png,1
batch_43_image_56.png,1
batch_43_image_57.png,1
batch_43_image_58.png,1
batch_43_image_59.png,1
batch_43_image_6.png,1
batch_43_image_60.png,1
batch_43_image_61.png,1
batch_43_image_62.png,1
batch_43_image_63.png,1
batch_43_image_7.png,1
batch_43_image_8.png,1
batch_43_image_9.png,1
seed_1312_image_0.png,1
seed_1312_image_1.png,1
seed_1312_image_10.png,1
seed_1312_image_100.png,1
seed_1312_image_101.png,1
seed_1312_image_102.png,1
seed_1312_image_103.png,1
seed_1312_image_104.png,1
seed_1312_image_105.png,1
seed_1312_image_106.png,1
seed_1312_image_107.png,1
seed_1312_image_108.png,1
seed_1312_image_109.png,1
seed_1312_image_11.png,1
seed_1312_image_110.png,1
seed_1312_image_111.png,1
seed_1312_image_112.png,1
seed_1312_image_113.png,1
seed_1312_image_114.png,1
seed_1312_image_115.png,1
seed_1312_image_116.png,1
seed_1312_image_117.png,1
seed_1312_image_118.png,1
seed_1312_image_119.png,1
seed_1312_image_12.png,1
seed_1312_image_120.png,1
seed_1312_image_121.png,1
seed_1312_image_122.png,1
seed_1312_image_123.png,1
seed_1312_image_124.png,1
seed_1312_image_125.png,1
seed_1312_image_126.png,1
seed_1312_image_127.png,1
seed_1312_image_13.png,1
seed_1312_image_14.png,1
seed_1312_image_15.png,1
seed_1312_image_16.png,1
seed_1312_image_17.png,1
seed_1312_image_18.png,1
seed_1312_image_19.png,1
seed_1312_image_2.png,1
seed_1312_image_20.png,1
seed_1312_image_21.png,1
seed_1312_image_22.png,1
seed_1312_image_23.png,1
seed_1312_image_24.png,1
seed_1312_image_25.png,1
seed_1312_image_26.png,1
seed_1312_image_27.png,1
seed_1312_image_28.png,1
seed_1312_image_29.png,1
seed_1312_image_3.png,1
seed_1312_image_30.png,1
seed_1312_image_31.png,1
seed_1312_image_32.png,1
seed_1312_image_33.png,1
seed_1312_image_34.png,1
seed_1312_image_35.png,1
seed_1312_image_36.png,1
seed_1312_image_37.png,1
seed_1312_image_38.png,1
seed_1312_image_39.png,1
seed_1312_image_4.png,1
seed_1312_image_40.png,1
seed_1312_image_41.png,1
seed_1312_image_42.png,1
seed_1312_image_43.png,1
seed_1312_image_44.png,1
seed_1312_image_45.png,1
seed_1312_image_46.png,1
seed_1312_image_47.png,1
seed_1312_image_48.png,1
seed_1312_image_49.png,1
seed_1312_image_5.png,1
seed_1312_image_50.png,1
seed_1312_image_51.png,1
seed_1312_image_52.png,1
seed_1312_image_53.png,1
seed_1312_image_54.png,1
seed_1312_image_55.png,1
seed_1312_image_56.png,1
seed_1312_image_57.png,1
seed_1312_image_58.png,1
seed_1312_image_59.png,1
seed_1312_image_6.png,1
seed_1312_image_60.png,1
seed_1312_image_61.png,1
seed_1312_image_62.png,1
seed_1312_image_63.png,1
seed_1312_image_64.png,1
seed_1312_image_65.png,1
seed_1312_image_66.png,1
seed_1312_image_67.png,1
seed_1312_image_68.png,1
seed_1312_image_69.png,1
seed_1312_image_7.png,1
seed_1312_image_70.png,1
seed_1312_image_71.png,1
seed_1312_image_72.png,1
seed_1312_image_73.png,1
seed_1312_image_74.png,1
seed_1312_image_75.png,1
seed_1312_image_76.png,1
seed_1312_image_77.png,1
seed_1312_image_78.png,1
seed_1312_image_79.png,1
seed_1312_image_8.png,1
seed_1312_image_80.png,1
seed_1312_image_81.png,1
seed_1312_image_82.png,1
seed_1312_image_83.png,1
seed_1312_image_84.png,1
seed_1312_image_85.png,1
seed_1312_image_86.png,1
seed_1312_image_87.png,1
seed_1312_image_88.png,1
seed_1312_image_89.png,1
seed_1312_image_9.png,1
seed_1312_image_90.png,1
seed_1312_image_91.png,1
seed_1312_image_92.png,1
seed_1312_image_93.png,1
seed_1312_image_94.png,1
seed_1312_image_95.png,1
seed_1312_image_96.png,1
seed_1312_image_97.png,1
seed_1312_image_98.png,1
seed_1312_image_99.png,1
seed_4073_image_0.png,1
seed_4073_image_1.png,1
seed_4073_image_10.png,1
seed_4073_image_100.png,1
seed_4073_image_101.png,1
seed_4073_image_102.png,1
seed_4073_image_103.png,1
seed_4073_image_104.png,1
seed_4073_image_105.png,1
seed_4073_image_106.png,1
seed_4073_image_107.png,1
seed_4073_image_108.png,1
seed_4073_image_109.png,1
seed_4073_image_11.png,1
seed_4073_image_110.png,1
seed_4073_image_111.png,1
seed_4073_image_112.png,1
seed_4073_image_113.png,1
seed_4073_image_114.png,1
seed_4073_image_115.png,1
seed_4073_image_116.png,1
seed_4073_image_117.png,1
seed_4073_image_118.png,1
seed_4073_image_119.png,1
seed_4073_image_12.png,1
seed_4073_image_120.png,1
seed_4073_image_121.png,1
seed_4073_image_122.png,1
seed_4073_image_123.png,1
seed_4073_image_124.png,1
seed_4073_image_125.png,1
seed_4073_image_126.png,1
seed_4073_image_127.png,1
seed_4073_image_13.png,1
seed_4073_image_14.png,1
seed_4073_image_15.png,1
seed_4073_image_16.png,1
seed_4073_image_17.png,1
seed_4073_image_18.png,1
seed_4073_image_19.png,1
seed_4073_image_2.png,1
seed_4073_image_20.png,1
seed_4073_image_21.png,1
seed_4073_image_22.png,1
seed_4073_image_23.png,1
seed_4073_image_24.png,1
seed_4073_image_25.png,1
seed_4073_image_26.png,1
seed_4073_image_27.png,1
seed_4073_image_28.png,1
seed_4073_image_29.png,1
seed_4073_image_3.png,1
seed_4073_image_30.png,1
seed_4073_image_31.png,1
seed_4073_image_32.png,1
seed_4073_image_33.png,1
seed_4073_image_34.png,1
seed_4073_image_35.png,1
seed_4073_image_36.png,1
seed_4073_image_37.png,1
seed_4073_image_38.png,1
seed_4073_image_39.png,1
seed_4073_image_4.png,1
seed_4073_image_40.png,1
seed_4073_image_41.png,1
seed_4073_image_42.png,1
seed_4073_image_43.png,1
seed_4073_image_44.png,1
seed_4073_image_45.png,1
seed_4073_image_46.png,1
seed_4073_image_47.png,1
seed_4073_image_48.png,1
seed_4073_image_49.png,1
seed_4073_image_5.png,1
seed_4073_image_50.png,1
seed_4073_image_51.png,1
seed_4073_image_52.png,1
seed_4073_image_53.png,1
seed_4073_image_54.png,1
seed_4073_image_55.png,1
seed_4073_image_56.png,1
seed_4073_image_57.png,1
seed_4073_image_58.png,1
seed_4073_image_59.png,1
seed_4073_image_6.png,1
seed_4073_image_60.png,1
seed_4073_image_61.png,1
seed_4073_image_62.png,1
seed_4073_image_63.png,1
seed_4073_image_64.png,1
seed_4073_image_65.png,1
seed_4073_image_66.png,1
seed_4073_image_67.png,1
seed_4073_image_68.png,1
seed_4073_image_69.png,1
seed_4073_image_7.png,1
seed_4073_image_70.png,1
seed_4073_image_71.png,1
seed_4073_image_72.png,1
seed_4073_image_73.png,1
seed_4073_image_74.png,1
seed_4073_image_75.png,1
seed_4073_image_76.png,1
seed_4073_image_77.png,1
seed_4073_image_78.png,1
seed_4073_image_79.png,1
seed_4073_image_8.png,1
seed_4073_image_80.png,1
seed_4073_image_81.png,1
seed_4073_image_82.png,1
seed_4073_image_83.png,1
seed_4073_image_84.png,1
seed_4073_image_85.png,1
seed_4073_image_86.png,1
seed_4073_image_87.png,1
seed_4073_image_88.png,1
seed_4073_image_89.png,1
seed_4073_image_9.png,1
seed_4073_image_90.png,1
seed_4073_image_91.png,1
seed_4073_image_92.png,1
seed_4073_image_93.png,1
seed_4073_image_94.png,1
seed_4073_image_95.png,1
seed_4073_image_96.png,1
seed_4073_image_97.png,1
seed_4073_image_98.png,1
seed_4073_image_99.png,1
seed_7484_image_0.png,1
seed_7484_image_1.png,1
seed_7484_image_10.png,1
seed_7484_image_100.png,1
seed_7484_image_101.png,1
seed_7484_image_102.png,1
seed_7484_image_103.png,1
seed_7484_image_104.png,1
seed_7484_image_105.png,1
seed_7484_image_106.png,1
seed_7484_image_107.png,1
seed_7484_image_108.png,1
seed_7484_image_109.png,1
seed_7484_image_11.png,1
seed_7484_image_110.png,1
seed_7484_image_111.png,1
seed_7484_image_112.png,1
seed_7484_image_113.png,1
seed_7484_image_114.png,1
seed_7484_image_115.png,1
seed_7484_image_116.png,1
seed_7484_image_117.png,1
seed_7484_image_118.png,1
seed_7484_image_119.png,1
seed_7484_image_12.png,1
seed_7484_image_120.png,1
seed_7484_image_121.png,1
seed_7484_image_122.png,1
seed_7484_image_123.png,1
seed_7484_image_124.png,1
seed_7484_image_125.png,1
seed_7484_image_126.png,1
seed_7484_image_127.png,1
seed_7484_image_13.png,1
seed_7484_image_14.png,1
seed_7484_image_15.png,1
seed_7484_image_16.png,1
seed_7484_image_17.png,1
seed_7484_image_18.png,1
seed_7484_image_19.png,1
seed_7484_image_2.png,1
seed_7484_image_20.png,1
seed_7484_image_21.png,1
seed_7484_image_22.png,1
seed_7484_image_23.png,1
seed_7484_image_24.png,1
seed_7484_image_25.png,1
seed_7484_image_26.png,1
seed_7484_image_27.png,1
seed_7484_image_28.png,1
seed_7484_image_29.png,1
seed_7484_image_3.png,1
seed_7484_image_30.png,1
seed_7484_image_31.png,1
seed_7484_image_32.png,1
seed_7484_image_33.png,1
seed_7484_image_34.png,1
seed_7484_image_35.png,1
seed_7484_image_36.png,1
seed_7484_image_37.png,1
seed_7484_image_38.png,1
seed_7484_image_39.png,1
seed_7484_image_4.png,1
seed_7484_image_40.png,1
seed_7484_image_41.png,1
seed_7484_image_42.png,1
seed_7484_image_43.png,1
seed_7484_image_44.png,1
seed_7484_image_45.png,1
seed_7484_image_46.png,1
seed_7484_image_47.png,1
seed_7484_image_48.png,1
seed_7484_image_49.png,1
seed_7484_image_5.png,1
seed_7484_image_50.png,1
seed_7484_image_51.png,1
seed_7484_image_52.png,1
seed_7484_image_53.png,1
seed_7484_image_54.png,1
seed_7484_image_55.png,1
seed_7484_image_56.png,1
seed_7484_image_57.png,1
seed_7484_image_58.png,1
seed_7484_image_59.png,1
seed_7484_image_6.png,1
seed_7484_image_60.png,1
seed_7484_image_61.png,1
seed_7484_image_62.png,1
seed_7484_image_63.png,1
seed_7484_image_64.png,1
seed_7484_image_65.png,1
seed_7484_image_66.png,1
seed_7484_image_67.png,1
seed_7484_image_68.png,1
seed_7484_image_69.png,1
seed_7484_image_7.png,1
seed_7484_image_70.png,1
seed_7484_image_71.png,1
seed_7484_image_72.png,1
seed_7484_image_73.png,1
seed_7484_image_74.png,1
seed_7484_image_75.png,1
seed_7484_image_76.png,1
seed_7484_image_77.png,1
seed_7484_image_78.png,1
seed_7484_image_79.png,1
seed_7484_image_8.png,1
seed_7484_image_80.png,1
seed_7484_image_81.png,1
seed_7484_image_82.png,1
seed_7484_image_83.png,1
seed_7484_image_84.png,1
seed_7484_image_85.png,1
seed_7484_image_86.png,1
seed_7484_image_87.png,1
seed_7484_image_88.png,1
seed_7484_image_89.png,1
seed_7484_image_9.png,1
seed_7484_image_90.png,1
seed_7484_image_91.png,1
seed_7484_image_92.png,1
seed_7484_image_93.png,1
seed_7484_image_94.png,1
seed_7484_image_95.png,1
seed_7484_image_96.png,1
seed_7484_image_97.png,1
seed_7484_image_98.png,1
seed_7484_image_99.png,1
seed_999_image_0.png,1
seed_999_image_1.png,1
seed_999_image_10.png,1
seed_999_image_100.png,1
seed_999_image_101.png,1
seed_999_image_102.png,1
seed_999_image_103.png,1
seed_999_image_104.png,1
seed_999_image_105.png,1
seed_999_image_106.png,1
seed_999_image_107.png,1
seed_999_image_108.png,1
seed_999_image_109.png,1
seed_999_image_11.png,1
seed_999_image_110.png,1
seed_999_image_111.png,1
seed_999_image_112.png,1
seed_999_image_113.png,1
seed_999_image_114.png,1
seed_999_image_115.png,1
seed_999_image_116.png,1
seed_999_image_117.png,1
seed_999_image_118.png,1
seed_999_image_119.png,1
seed_999_image_12.png,1
seed_999_image_120.png,1
seed_999_image_121.png,1
seed_999_image_122.png,1
seed_999_image_123.png,1
seed_999_image_124.png,1
seed_999_image_125.png,1
seed_999_image_126.png,1
seed_999_image_127.png,1
seed_999_image_13.png,1
seed_999_image_14.png,1
seed_999_image_15.png,1
seed_999_image_16.png,1
seed_999_image_17.png,1
seed_999_image_18.png,1
seed_999_image_19.png,1
seed_999_image_2.png,1
seed_999_image_20.png,1
seed_999_image_21.png,1
seed_999_image_22.png,1
seed_999_image_23.png,1
seed_999_image_24.png,1
seed_999_image_25.png,1
seed_999_image_26.png,1
seed_999_image_27.png,1
seed_999_image_28.png,1
seed_999_image_29.png,1
seed_999_image_3.png,1
seed_999_image_30.png,1
seed_999_image_31.png,1
seed_999_image_32.png,1
seed_999_image_33.png,1
seed_999_image_34.png,1
seed_999_image_35.png,1
seed_999_image_36.png,1
seed_999_image_37.png,1
seed_999_image_38.png,1
seed_999_image_39.png,1
seed_999_image_4.png,1
seed_999_image_40.png,1
seed_999_image_41.png,1
seed_999_image_42.png,1
seed_999_image_43.png,1
seed_999_image_44.png,1
seed_999_image_45.png,1
seed_999_image_46.png,1
seed_999_image_47.png,1
seed_999_image_48.png,1
seed_999_image_49.png,1
seed_999_image_5.png,1
seed_999_image_50.png,1
seed_999_image_51.png,1
seed_999_image_52.png,1
seed_999_image_53.png,1
seed_999_image_54.png,1
seed_999_image_55.png,1
seed_999_image_56.png,1
seed_999_image_57.png,1
seed_999_image_58.png,1
seed_999_image_59.png,1
seed_999_image_6.png,1
seed_999_image_60.png,1
seed_999_image_61.png,1
seed_999_image_62.png,1
seed_999_image_63.png,1
seed_999_image_64.png,1
seed_999_image_65.png,1
seed_999_image_66.png,1
seed_999_image_67.png,1
seed_999_image_68.png,1
seed_999_image_69.png,1
seed_999_image_7.png,1
seed_999_image_70.png,1
seed_999_image_71.png,1
seed_999_image_72.png,1
seed_999_image_73.png,1
seed_999_image_74.png,1
seed_999_image_75.png,1
seed_999_image_76.png,1
seed_999_image_77.png,1
seed_999_image_78.png,1
seed_999_image_79.png,1
seed_999_image_8.png,1
seed_999_image_80.png,1
seed_999_image_81.png,1
seed_999_image_82.png,1
seed_999_image_83.png,1
seed_999_image_84.png,1
seed_999_image_85.png,1
seed_999_image_86.png,1
seed_999_image_87.png,1
seed_999_image_88.png,1
seed_999_image_89.png,1
seed_999_image_9.png,1
seed_999_image_90.png,1
seed_999_image_91.png,1
seed_999_image_92.png,1
seed_999_image_93.png,1
seed_999_image_94.png,1
seed_999_image_95.png,1
seed_999_image_96.png,1
seed_999_image_97.png,1
seed_999_image_98.png,1
seed_999_image_99.png,1
augmented_batch_41_image_0.png,0
augmented_batch_41_image_1.png,0
augmented_batch_41_image_10.png,0
augmented_batch_41_image_11.png,0
augmented_batch_41_image_12.png,0
augmented_batch_41_image_13.png,0
augmented_batch_41_image_14.png,0
augmented_batch_41_image_15.png,0
augmented_batch_41_image_16.png,0
augmented_batch_41_image_17.png,0
augmented_batch_41_image_18.png,0
augmented_batch_41_image_19.png,0
augmented_batch_41_image_2.png,0
augmented_batch_41_image_20.png,0
augmented_batch_41_image_21.png,0
augmented_batch_41_image_22.png,0
augmented_batch_41_image_23.png,0
augmented_batch_41_image_24.png,0
augmented_batch_41_image_25.png,0
augmented_batch_41_image_26.png,0
augmented_batch_41_image_27.png,0
augmented_batch_41_image_28.png,0
augmented_batch_41_image_29.png,0
augmented_batch_41_image_3.png,0
augmented_batch_41_image_30.png,0
augmented_batch_41_image_31.png,0
augmented_batch_41_image_32.png,0
augmented_batch_41_image_33.png,0
augmented_batch_41_image_34.png,0
augmented_batch_41_image_35.png,0
augmented_batch_41_image_36.png,0
augmented_batch_41_image_37.png,0
augmented_batch_41_image_38.png,0
augmented_batch_41_image_39.png,0
augmented_batch_41_image_4.png,0
augmented_batch_41_image_40.png,0
augmented_batch_41_image_41.png,0
augmented_batch_41_image_42.png,0
augmented_batch_41_image_43.png,0
augmented_batch_41_image_44.png,0
augmented_batch_41_image_45.png,0
augmented_batch_41_image_46.png,0
augmented_batch_41_image_47.png,0
augmented_batch_41_image_48.png,0
augmented_batch_41_image_49.png,0
augmented_batch_41_image_5.png,0
augmented_batch_41_image_50.png,0
augmented_batch_41_image_51.png,0
augmented_batch_41_image_52.png,0
augmented_batch_41_image_53.png,0
augmented_batch_41_image_54.png,0
augmented_batch_41_image_55.png,0
augmented_batch_41_image_56.png,0
augmented_batch_41_image_57.png,0
augmented_batch_41_image_58.png,0
augmented_batch_41_image_59.png,0
augmented_batch_41_image_6.png,0
augmented_batch_41_image_60.png,0
augmented_batch_41_image_61.png,0
augmented_batch_41_image_62.png,0
augmented_batch_41_image_63.png,0
augmented_batch_41_image_7.png,0
augmented_batch_41_image_8.png,0
augmented_batch_41_image_9.png,0
augmented_seed_1312_image_0.png,0
augmented_seed_1312_image_1.png,0
augmented_seed_1312_image_10.png,0
augmented_seed_1312_image_100.png,0
augmented_seed_1312_image_101.png,0
augmented_seed_1312_image_102.png,0
augmented_seed_1312_image_103.png,0
augmented_seed_1312_image_104.png,0
augmented_seed_1312_image_105.png,0
augmented_seed_1312_image_106.png,0
augmented_seed_1312_image_107.png,0
augmented_seed_1312_image_108.png,0
augmented_seed_1312_image_109.png,0
augmented_seed_1312_image_11.png,0
augmented_seed_1312_image_110.png,0
augmented_seed_1312_image_111.png,0
augmented_seed_1312_image_112.png,0
augmented_seed_1312_image_113.png,0
augmented_seed_1312_image_114.png,0
augmented_seed_1312_image_115.png,0
augmented_seed_1312_image_116.png,0
augmented_seed_1312_image_117.png,0
augmented_seed_1312_image_118.png,0
augmented_seed_1312_image_119.png,0
augmented_seed_1312_image_12.png,0
augmented_seed_1312_image_120.png,0
augmented_seed_1312_image_121.png,0
augmented_seed_1312_image_122.png,0
augmented_seed_1312_image_123.png,0
augmented_seed_1312_image_124.png,0
augmented_seed_1312_image_125.png,0
augmented_seed_1312_image_126.png,0
augmented_seed_1312_image_127.png,0
augmented_seed_1312_image_13.png,0
augmented_seed_1312_image_14.png,0
augmented_seed_1312_image_15.png,0
augmented_seed_1312_image_16.png,0
augmented_seed_1312_image_17.png,0
augmented_seed_1312_image_18.png,0
augmented_seed_1312_image_19.png,0
augmented_seed_1312_image_2.png,0
augmented_seed_1312_image_20.png,0
augmented_seed_1312_image_21.png,0
augmented_seed_1312_image_22.png,0
augmented_seed_1312_image_23.png,0
augmented_seed_1312_image_24.png,0
augmented_seed_1312_image_25.png,0
augmented_seed_1312_image_26.png,0
augmented_seed_1312_image_27.png,0
augmented_seed_1312_image_28.png,0
augmented_seed_1312_image_29.png,0
augmented_seed_1312_image_3.png,0
augmented_seed_1312_image_30.png,0
augmented_seed_1312_image_31.png,0
augmented_seed_1312_image_32.png,0
augmented_seed_1312_image_33.png,0
augmented_seed_1312_image_34.png,0
augmented_seed_1312_image_35.png,0
augmented_seed_1312_image_36.png,0
augmented_seed_1312_image_37.png,0
augmented_seed_1312_image_38.png,0
augmented_seed_1312_image_39.png,0
augmented_seed_1312_image_4.png,0
augmented_seed_1312_image_40.png,0
augmented_seed_1312_image_41.png,0
augmented_seed_1312_image_42.png,0
augmented_seed_1312_image_43.png,0
augmented_seed_1312_image_44.png,0
augmented_seed_1312_image_45.png,0
augmented_seed_1312_image_46.png,0
augmented_seed_1312_image_47.png,0
augmented_seed_1312_image_48.png,0
augmented_seed_1312_image_49.png,0
augmented_seed_1312_image_5.png,0
augmented_seed_1312_image_50.png,0
augmented_seed_1312_image_51.png,0
augmented_seed_1312_image_52.png,0
augmented_seed_1312_image_53.png,0
augmented_seed_1312_image_54.png,0
augmented_seed_1312_image_55.png,0
augmented_seed_1312_image_56.png,0
augmented_seed_1312_image_57.png,0
augmented_seed_1312_image_58.png,0
augmented_seed_1312_image_59.png,0
augmented_seed_1312_image_6.png,0
augmented_seed_1312_image_60.png,0
augmented_seed_1312_image_61.png,0
augmented_seed_1312_image_62.png,0
augmented_seed_1312_image_63.png,0
augmented_seed_1312_image_64.png,0
augmented_seed_1312_image_65.png,0
augmented_seed_1312_image_66.png,0
augmented_seed_1312_image_67.png,0
augmented_seed_1312_image_68.png,0
augmented_seed_1312_image_69.png,0
augmented_seed_1312_image_7.png,0
augmented_seed_1312_image_70.png,0
augmented_seed_1312_image_71.png,0
augmented_seed_1312_image_72.png,0
augmented_seed_1312_image_73.png,0
augmented_seed_1312_image_74.png,0
augmented_seed_1312_image_75.png,0
augmented_seed_1312_image_76.png,0
augmented_seed_1312_image_77.png,0
augmented_seed_1312_image_78.png,0
augmented_seed_1312_image_79.png,0
augmented_seed_1312_image_8.png,0
augmented_seed_1312_image_80.png,0
augmented_seed_1312_image_81.png,0
augmented_seed_1312_image_82.png,0
augmented_seed_1312_image_83.png,0
augmented_seed_1312_image_84.png,0
augmented_seed_1312_image_85.png,0
augmented_seed_1312_image_86.png,0
augmented_seed_1312_image_87.png,0
augmented_seed_1312_image_88.png,0
augmented_seed_1312_image_89.png,0
augmented_seed_1312_image_9.png,0
augmented_seed_1312_image_90.png,0
augmented_seed_1312_image_91.png,0
augmented_seed_1312_image_92.png,0
augmented_seed_1312_image_93.png,0
augmented_seed_1312_image_94.png,0
augmented_seed_1312_image_95.png,0
augmented_seed_1312_image_96.png,0
augmented_seed_1312_image_97.png,0
augmented_seed_1312_image_98.png,0
augmented_seed_1312_image_99.png,0
augmented_seed_4073_image_0.png,0
augmented_seed_4073_image_1.png,0
augmented_seed_4073_image_10.png,0
augmented_seed_4073_image_100.png,0
augmented_seed_4073_image_101.png,0
augmented_seed_4073_image_102.png,0
augmented_seed_4073_image_103.png,0
augmented_seed_4073_image_104.png,0
augmented_seed_4073_image_105.png,0
augmented_seed_4073_image_106.png,0
augmented_seed_4073_image_107.png,0
augmented_seed_4073_image_108.png,0
augmented_seed_4073_image_109.png,0
augmented_seed_4073_image_11.png,0
augmented_seed_4073_image_110.png,0
augmented_seed_4073_image_111.png,0
augmented_seed_4073_image_112.png,0
augmented_seed_4073_image_113.png,0
augmented_seed_4073_image_114.png,0
augmented_seed_4073_image_115.png,0
augmented_seed_4073_image_116.png,0
augmented_seed_4073_image_117.png,0
augmented_seed_4073_image_118.png,0
augmented_seed_4073_image_119.png,0
augmented_seed_4073_image_12.png,0
augmented_seed_4073_image_120.png,0
augmented_seed_4073_image_121.png,0
augmented_seed_4073_image_122.png,0
augmented_seed_4073_image_123.png,0
augmented_seed_4073_image_124.png,0
augmented_seed_4073_image_125.png,0
augmented_seed_4073_image_126.png,0
augmented_seed_4073_image_127.png,0
augmented_seed_4073_image_13.png,0
augmented_seed_4073_image_14.png,0
augmented_seed_4073_image_15.png,0
augmented_seed_4073_image_16.png,0
augmented_seed_4073_image_17.png,0
augmented_seed_4073_image_18.png,0
augmented_seed_4073_image_19.png,0
augmented_seed_4073_image_2.png,0
augmented_seed_4073_image_20.png,0
augmented_seed_4073_image_21.png,0
augmented_seed_4073_image_22.png,0
augmented_seed_4073_image_23.png,0
augmented_seed_4073_image_24.png,0
augmented_seed_4073_image_25.png,0
augmented_seed_4073_image_26.png,0
augmented_seed_4073_image_27.png,0
augmented_seed_4073_image_28.png,0
augmented_seed_4073_image_29.png,0
augmented_seed_4073_image_3.png,0
augmented_seed_4073_image_30.png,0
augmented_seed_4073_image_31.png,0
augmented_seed_4073_image_32.png,0
augmented_seed_4073_image_33.png,0
augmented_seed_4073_image_34.png,0
augmented_seed_4073_image_35.png,0
augmented_seed_4073_image_36.png,0
augmented_seed_4073_image_37.png,0
augmented_seed_4073_image_38.png,0
augmented_seed_4073_image_39.png,0
augmented_seed_4073_image_4.png,0
augmented_seed_4073_image_40.png,0
augmented_seed_4073_image_41.png,0
augmented_seed_4073_image_42.png,0
augmented_seed_4073_image_43.png,0
augmented_seed_4073_image_44.png,0
augmented_seed_4073_image_45.png,0
augmented_seed_4073_image_46.png,0
augmented_seed_4073_image_47.png,0
augmented_seed_4073_image_48.png,0
augmented_seed_4073_image_49.png,0
augmented_seed_4073_image_5.png,0
augmented_seed_4073_image_50.png,0
augmented_seed_4073_image_51.png,0
augmented_seed_4073_image_52.png,0
augmented_seed_4073_image_53.png,0
augmented_seed_4073_image_54.png,0
augmented_seed_4073_image_55.png,0
augmented_seed_4073_image_56.png,0
augmented_seed_4073_image_57.png,0
augmented_seed_4073_image_58.png,0
augmented_seed_4073_image_59.png,0
augmented_seed_4073_image_6.png,0
augmented_seed_4073_image_60.png,0
augmented_seed_4073_image_61.png,0
augmented_seed_4073_image_62.png,0
augmented_seed_4073_image_63.png,0
augmented_seed_4073_image_64.png,0
augmented_seed_4073_image_65.png,0
augmented_seed_4073_image_66.png,0
augmented_seed_4073_image_67.png,0
augmented_seed_4073_image_68.png,0
augmented_seed_4073_image_69.png,0
augmented_seed_4073_image_7.png,0
augmented_seed_4073_image_70.png,0
augmented_seed_4073_image_71.png,0
augmented_seed_4073_image_72.png,0
augmented_seed_4073_image_73.png,0
augmented_seed_4073_image_74.png,0
augmented_seed_4073_image_75.png,0
augmented_seed_4073_image_76.png,0
augmented_seed_4073_image_77.png,0
augmented_seed_4073_image_78.png,0
augmented_seed_4073_image_79.png,0
augmented_seed_4073_image_8.png,0
augmented_seed_4073_image_80.png,0
augmented_seed_4073_image_81.png,0
augmented_seed_4073_image_82.png,0
augmented_seed_4073_image_83.png,0
augmented_seed_4073_image_84.png,0
augmented_seed_4073_image_85.png,0
augmented_seed_4073_image_86.png,0
augmented_seed_4073_image_87.png,0
augmented_seed_4073_image_88.png,0
augmented_seed_4073_image_89.png,0
augmented_seed_4073_image_9.png,0
augmented_seed_4073_image_90.png,0
augmented_seed_4073_image_91.png,0
augmented_seed_4073_image_92.png,0
augmented_seed_4073_image_93.png,0
augmented_seed_4073_image_94.png,0
augmented_seed_4073_image_95.png,0
augmented_seed_4073_image_96.png,0
augmented_seed_4073_image_97.png,0
augmented_seed_4073_image_98.png,0
augmented_seed_4073_image_99.png,0
augmented_seed_7484_image_0.png,0
augmented_seed_7484_image_1.png,0
augmented_seed_7484_image_10.png,0
augmented_seed_7484_image_100.png,0
augmented_seed_7484_image_101.png,0
augmented_seed_7484_image_102.png,0
augmented_seed_7484_image_103.png,0
augmented_seed_7484_image_104.png,0
augmented_seed_7484_image_105.png,0
augmented_seed_7484_image_106.png,0
augmented_seed_7484_image_107.png,0
augmented_seed_7484_image_108.png,0
augmented_seed_7484_image_109.png,0
augmented_seed_7484_image_11.png,0
augmented_seed_7484_image_110.png,0
augmented_seed_7484_image_111.png,0
augmented_seed_7484_image_112.png,0
augmented_seed_7484_image_113.png,0
augmented_seed_7484_image_114.png,0
augmented_seed_7484_image_115.png,0
augmented_seed_7484_image_116.png,0
augmented_seed_7484_image_117.png,0
augmented_seed_7484_image_118.png,0
augmented_seed_7484_image_119.png,0
augmented_seed_7484_image_12.png,0
augmented_seed_7484_image_120.png,0
augmented_seed_7484_image_121.png,0
augmented_seed_7484_image_122.png,0
augmented_seed_7484_image_123.png,0
augmented_seed_7484_image_124.png,0
augmented_seed_7484_image_125.png,0
augmented_seed_7484_image_126.png,0
augmented_seed_7484_image_127.png,0
augmented_seed_7484_image_13.png,0
augmented_seed_7484_image_14.png,0
augmented_seed_7484_image_15.png,0
augmented_seed_7484_image_16.png,0
augmented_seed_7484_image_17.png,0
augmented_seed_7484_image_18.png,0
augmented_seed_7484_image_19.png,0
augmented_seed_7484_image_2.png,0
augmented_seed_7484_image_20.png,0
augmented_seed_7484_image_21.png,0
augmented_seed_7484_image_22.png,0
augmented_seed_7484_image_23.png,0
augmented_seed_7484_image_24.png,0
augmented_seed_7484_image_25.png,0
augmented_seed_7484_image_26.png,0
augmented_seed_7484_image_27.png,0
augmented_seed_7484_image_28.png,0
augmented_seed_7484_image_29.png,0
augmented_seed_7484_image_3.png,0
augmented_seed_7484_image_30.png,0
augmented_seed_7484_image_31.png,0
augmented_seed_7484_image_32.png,0
augmented_seed_7484_image_33.png,0
augmented_seed_7484_image_34.png,0
augmented_seed_7484_image_35.png,0
augmented_seed_7484_image_36.png,0
augmented_seed_7484_image_37.png,0
augmented_seed_7484_image_38.png,0
augmented_seed_7484_image_39.png,0
augmented_seed_7484_image_4.png,0
augmented_seed_7484_image_40.png,0
augmented_seed_7484_image_41.png,0
augmented_seed_7484_image_42.png,0
augmented_seed_7484_image_43.png,0
augmented_seed_7484_image_44.png,0
augmented_seed_7484_image_45.png,0
augmented_seed_7484_image_46.png,0
augmented_seed_7484_image_47.png,0
augmented_seed_7484_image_48.png,0
augmented_seed_7484_image_49.png,0
augmented_seed_7484_image_5.png,0
augmented_seed_7484_image_50.png,0
augmented_seed_7484_image_51.png,0
augmented_seed_7484_image_52.png,0
augmented_seed_7484_image_53.png,0
augmented_seed_7484_image_54.png,0
augmented_seed_7484_image_55.png,0
augmented_seed_7484_image_56.png,0
augmented_seed_7484_image_57.png,0
augmented_seed_7484_image_58.png,0
augmented_seed_7484_image_59.png,0
augmented_seed_7484_image_6.png,0
augmented_seed_7484_image_60.png,0
augmented_seed_7484_image_61.png,0
augmented_seed_7484_image_62.png,0
augmented_seed_7484_image_63.png,0
augmented_seed_7484_image_64.png,0
augmented_seed_7484_image_65.png,0
augmented_seed_7484_image_66.png,0
augmented_seed_7484_image_67.png,0
augmented_seed_7484_image_68.png,0
augmented_seed_7484_image_69.png,0
augmented_seed_7484_image_7.png,0
augmented_seed_7484_image_70.png,0
augmented_seed_7484_image_71.png,0
augmented_seed_7484_image_72.png,0
augmented_seed_7484_image_73.png,0
augmented_seed_7484_image_74.png,0
augmented_seed_7484_image_75.png,0
augmented_seed_7484_image_76.png,0
augmented_seed_7484_image_77.png,0
augmented_seed_7484_image_78.png,0
augmented_seed_7484_image_79.png,0
augmented_seed_7484_image_8.png,0
augmented_seed_7484_image_80.png,0
augmented_seed_7484_image_81.png,0
augmented_seed_7484_image_82.png,0
augmented_seed_7484_image_83.png,0
augmented_seed_7484_image_84.png,0
augmented_seed_7484_image_85.png,0
augmented_seed_7484_image_86.png,0
augmented_seed_7484_image_87.png,0
augmented_seed_7484_image_88.png,0
augmented_seed_7484_image_89.png,0
augmented_seed_7484_image_9.png,0
augmented_seed_7484_image_90.png,0
augmented_seed_7484_image_91.png,0
augmented_seed_7484_image_92.png,0
augmented_seed_7484_image_93.png,0
augmented_seed_7484_image_94.png,0
augmented_seed_7484_image_95.png,0
augmented_seed_7484_image_96.png,0
augmented_seed_7484_image_97.png,0
augmented_seed_7484_image_98.png,0
augmented_seed_7484_image_99.png,0
augmented_seed_999_image_0.png,0
augmented_seed_999_image_1.png,0
augmented_seed_999_image_10.png,0
augmented_seed_999_image_100.png,0
augmented_seed_999_image_101.png,0
augmented_seed_999_image_102.png,0
augmented_seed_999_image_103.png,0
augmented_seed_999_image_104.png,0
augmented_seed_999_image_105.png,0
augmented_seed_999_image_106.png,0
augmented_seed_999_image_107.png,0
augmented_seed_999_image_108.png,0
augmented_seed_999_image_109.png,0
augmented_seed_999_image_11.png,0
augmented_seed_999_image_110.png,0
augmented_seed_999_image_111.png,0
augmented_seed_999_image_112.png,0
augmented_seed_999_image_113.png,0
augmented_seed_999_image_114.png,0
augmented_seed_999_image_115.png,0
augmented_seed_999_image_116.png,0
augmented_seed_999_image_117.png,0
augmented_seed_999_image_118.png,0
augmented_seed_999_image_119.png,0
augmented_seed_999_image_12.png,0
augmented_seed_999_image_120.png,0
augmented_seed_999_image_121.png,0
augmented_seed_999_image_122.png,0
augmented_seed_999_image_123.png,0
augmented_seed_999_image_124.png,0
augmented_seed_999_image_125.png,0
augmented_seed_999_image_126.png,0
augmented_seed_999_image_127.png,0
augmented_seed_999_image_13.png,0
augmented_seed_999_image_14.png,0
augmented_seed_999_image_15.png,0
augmented_seed_999_image_16.png,0
augmented_seed_999_image_17.png,0
augmented_seed_999_image_18.png,0
augmented_seed_999_image_19.png,0
augmented_seed_999_image_2.png,0
augmented_seed_999_image_20.png,0
augmented_seed_999_image_21.png,0
augmented_seed_999_image_22.png,0
augmented_seed_999_image_23.png,0
augmented_seed_999_image_24.png,0
augmented_seed_999_image_25.png,0
augmented_seed_999_image_26.png,0
augmented_seed_999_image_27.png,0
augmented_seed_999_image_28.png,0
augmented_seed_999_image_29.png,0
augmented_seed_999_image_3.png,0
augmented_seed_999_image_30.png,0
augmented_seed_999_image_31.png,0
augmented_seed_999_image_32.png,0
augmented_seed_999_image_33.png,0
augmented_seed_999_image_34.png,0
augmented_seed_999_image_35.png,0
augmented_seed_999_image_36.png,0
augmented_seed_999_image_37.png,0
augmented_seed_999_image_38.png,0
augmented_seed_999_image_39.png,0
augmented_seed_999_image_4.png,0
augmented_seed_999_image_40.png,0
augmented_seed_999_image_41.png,0
augmented_seed_999_image_42.png,0
augmented_seed_999_image_43.png,0
augmented_seed_999_image_44.png,0
augmented_seed_999_image_45.png,0
augmented_seed_999_image_46.png,0
augmented_seed_999_image_47.png,0
augmented_seed_999_image_48.png,0
augmented_seed_999_image_49.png,0
augmented_seed_999_image_5.png,0
augmented_seed_999_image_50.png,0
augmented_seed_999_image_51.png,0
augmented_seed_999_image_52.png,0
augmented_seed_999_image_53.png,0
augmented_seed_999_image_54.png,0
augmented_seed_999_image_55.png,0
augmented_seed_999_image_56.png,0
augmented_seed_999_image_57.png,0
augmented_seed_999_image_58.png,0
augmented_seed_999_image_59.png,0
augmented_seed_999_image_6.png,0
augmented_seed_999_image_60.png,0
augmented_seed_999_image_61.png,0
augmented_seed_999_image_62.png,0
augmented_seed_999_image_63.png,0
augmented_seed_999_image_64.png,0
augmented_seed_999_image_65.png,0
augmented_seed_999_image_66.png,0
augmented_seed_999_image_67.png,0
augmented_seed_999_image_68.png,0
augmented_seed_999_image_69.png,0
augmented_seed_999_image_7.png,0
augmented_seed_999_image_70.png,0
augmented_seed_999_image_71.png,0
augmented_seed_999_image_72.png,0
augmented_seed_999_image_73.png,0
augmented_seed_999_image_74.png,0
augmented_seed_999_image_75.png,0
augmented_seed_999_image_76.png,0
augmented_seed_999_image_77.png,0
augmented_seed_999_image_78.png,0
augmented_seed_999_image_79.png,0
augmented_seed_999_image_8.png,0
augmented_seed_999_image_80.png,0
augmented_seed_999_image_81.png,0
augmented_seed_999_image_82.png,0
augmented_seed_999_image_83.png,0
augmented_seed_999_image_84.png,0
augmented_seed_999_image_85.png,0
augmented_seed_999_image_86.png,0
augmented_seed_999_image_87.png,0
augmented_seed_999_image_88.png,0
augmented_seed_999_image_89.png,0
augmented_seed_999_image_9.png,0
augmented_seed_999_image_90.png,0
augmented_seed_999_image_91.png,0
augmented_seed_999_image_92.png,0
augmented_seed_999_image_93.png,0
augmented_seed_999_image_94.png,0
augmented_seed_999_image_95.png,0
augmented_seed_999_image_96.png,0
augmented_seed_999_image_97.png,0
augmented_seed_999_image_98.png,0
augmented_seed_999_image_99.png,0
