image_name,label
goodtrain0.png,1
goodtrain1.png,1
goodtrain10.png,1
goodtrain100.png,1
goodtrain101.png,1
goodtrain102.png,1
goodtrain103.png,1
goodtrain104.png,1
goodtrain105.png,1
goodtrain106.png,1
goodtrain107.png,1
goodtrain108.png,1
goodtrain109.png,1
goodtrain11.png,1
goodtrain110.png,1
goodtrain111.png,1
goodtrain112.png,1
goodtrain113.png,1
goodtrain114.png,1
goodtrain115.png,1
goodtrain116.png,1
goodtrain117.png,1
goodtrain118.png,1
goodtrain119.png,1
goodtrain12.png,1
goodtrain120.png,1
goodtrain121.png,1
goodtrain122.png,1
goodtrain123.png,1
goodtrain124.png,1
goodtrain125.png,1
goodtrain126.png,1
goodtrain127.png,1
goodtrain128.png,1
goodtrain129.png,1
goodtrain13.png,1
goodtrain130.png,1
goodtrain131.png,1
goodtrain132.png,1
goodtrain133.png,1
goodtrain134.png,1
goodtrain135.png,1
goodtrain136.png,1
goodtrain137.png,1
goodtrain138.png,1
goodtrain139.png,1
goodtrain14.png,1
goodtrain140.png,1
goodtrain141.png,1
goodtrain142.png,1
goodtrain143.png,1
goodtrain144.png,1
goodtrain145.png,1
goodtrain146.png,1
goodtrain147.png,1
goodtrain148.png,1
goodtrain149.png,1
goodtrain15.png,1
goodtrain150.png,1
goodtrain151.png,1
goodtrain152.png,1
goodtrain153.png,1
goodtrain154.png,1
goodtrain155.png,1
goodtrain156.png,1
goodtrain157.png,1
goodtrain158.png,1
goodtrain159.png,1
goodtrain16.png,1
goodtrain160.png,1
goodtrain161.png,1
goodtrain162.png,1
goodtrain163.png,1
goodtrain164.png,1
goodtrain165.png,1
goodtrain166.png,1
goodtrain167.png,1
goodtrain168.png,1
goodtrain169.png,1
goodtrain17.png,1
goodtrain170.png,1
goodtrain171.png,1
goodtrain172.png,1
goodtrain173.png,1
goodtrain174.png,1
goodtrain175.png,1
goodtrain176.png,1
goodtrain177.png,1
goodtrain178.png,1
goodtrain179.png,1
goodtrain18.png,1
goodtrain180.png,1
goodtrain181.png,1
goodtrain182.png,1
goodtrain183.png,1
goodtrain184.png,1
goodtrain185.png,1
goodtrain186.png,1
goodtrain187.png,1
goodtrain188.png,1
goodtrain189.png,1
goodtrain19.png,1
goodtrain190.png,1
goodtrain191.png,1
goodtrain192.png,1
goodtrain193.png,1
goodtrain194.png,1
goodtrain195.png,1
goodtrain196.png,1
goodtrain197.png,1
goodtrain198.png,1
goodtrain199.png,1
goodtrain2.png,1
goodtrain20.png,1
goodtrain200.png,1
goodtrain201.png,1
goodtrain202.png,1
goodtrain203.png,1
goodtrain204.png,1
goodtrain205.png,1
goodtrain206.png,1
goodtrain207.png,1
goodtrain208.png,1
goodtrain209.png,1
goodtrain21.png,1
goodtrain210.png,1
goodtrain211.png,1
goodtrain212.png,1
goodtrain213.png,1
goodtrain214.png,1
goodtrain215.png,1
goodtrain216.png,1
goodtrain217.png,1
goodtrain218.png,1
goodtrain219.png,1
goodtrain22.png,1
goodtrain220.png,1
goodtrain221.png,1
goodtrain222.png,1
goodtrain223.png,1
goodtrain224.png,1
goodtrain225.png,1
goodtrain226.png,1
goodtrain227.png,1
goodtrain228.png,1
goodtrain229.png,1
goodtrain23.png,1
goodtrain230.png,1
goodtrain231.png,1
goodtrain232.png,1
goodtrain233.png,1
goodtrain234.png,1
goodtrain235.png,1
goodtrain236.png,1
goodtrain237.png,1
goodtrain238.png,1
goodtrain239.png,1
goodtrain24.png,1
goodtrain240.png,1
goodtrain241.png,1
goodtrain242.png,1
goodtrain243.png,1
goodtrain244.png,1
goodtrain245.png,1
goodtrain246.png,1
goodtrain247.png,1
goodtrain248.png,1
goodtrain249.png,1
goodtrain25.png,1
goodtrain250.png,1
goodtrain251.png,1
goodtrain252.png,1
goodtrain253.png,1
goodtrain254.png,1
goodtrain255.png,1
goodtrain256.png,1
goodtrain257.png,1
goodtrain258.png,1
goodtrain259.png,1
goodtrain26.png,1
goodtrain260.png,1
goodtrain261.png,1
goodtrain262.png,1
goodtrain263.png,1
goodtrain264.png,1
goodtrain265.png,1
goodtrain266.png,1
goodtrain267.png,1
goodtrain268.png,1
goodtrain269.png,1
goodtrain27.png,1
goodtrain270.png,1
goodtrain271.png,1
goodtrain272.png,1
goodtrain273.png,1
goodtrain274.png,1
goodtrain275.png,1
goodtrain276.png,1
goodtrain277.png,1
goodtrain278.png,1
goodtrain279.png,1
goodtrain28.png,1
goodtrain280.png,1
goodtrain281.png,1
goodtrain282.png,1
goodtrain283.png,1
goodtrain284.png,1
goodtrain285.png,1
goodtrain286.png,1
goodtrain287.png,1
goodtrain288.png,1
goodtrain289.png,1
goodtrain29.png,1
goodtrain290.png,1
goodtrain291.png,1
goodtrain292.png,1
goodtrain293.png,1
goodtrain294.png,1
goodtrain295.png,1
goodtrain296.png,1
goodtrain297.png,1
goodtrain298.png,1
goodtrain299.png,1
goodtrain3.png,1
goodtrain30.png,1
goodtrain300.png,1
goodtrain301.png,1
goodtrain302.png,1
goodtrain303.png,1
goodtrain304.png,1
goodtrain305.png,1
goodtrain306.png,1
goodtrain307.png,1
goodtrain308.png,1
goodtrain309.png,1
goodtrain31.png,1
goodtrain310.png,1
goodtrain311.png,1
goodtrain312.png,1
goodtrain313.png,1
goodtrain314.png,1
goodtrain315.png,1
goodtrain316.png,1
goodtrain317.png,1
goodtrain318.png,1
goodtrain319.png,1
goodtrain32.png,1
goodtrain320.png,1
goodtrain321.png,1
goodtrain322.png,1
goodtrain323.png,1
goodtrain324.png,1
goodtrain325.png,1
goodtrain326.png,1
goodtrain327.png,1
goodtrain328.png,1
goodtrain329.png,1
goodtrain33.png,1
goodtrain330.png,1
goodtrain331.png,1
goodtrain332.png,1
goodtrain333.png,1
goodtrain334.png,1
goodtrain335.png,1
goodtrain336.png,1
goodtrain337.png,1
goodtrain338.png,1
goodtrain339.png,1
goodtrain34.png,1
goodtrain340.png,1
goodtrain341.png,1
goodtrain342.png,1
goodtrain343.png,1
goodtrain344.png,1
goodtrain345.png,1
goodtrain346.png,1
goodtrain347.png,1
goodtrain348.png,1
goodtrain349.png,1
goodtrain35.png,1
goodtrain350.png,1
goodtrain351.png,1
goodtrain352.png,1
goodtrain353.png,1
goodtrain354.png,1
goodtrain355.png,1
goodtrain356.png,1
goodtrain357.png,1
goodtrain358.png,1
goodtrain359.png,1
goodtrain36.png,1
goodtrain360.png,1
goodtrain361.png,1
goodtrain362.png,1
goodtrain363.png,1
goodtrain364.png,1
goodtrain365.png,1
goodtrain366.png,1
goodtrain367.png,1
goodtrain368.png,1
goodtrain369.png,1
goodtrain37.png,1
goodtrain370.png,1
goodtrain371.png,1
goodtrain372.png,1
goodtrain373.png,1
goodtrain374.png,1
goodtrain375.png,1
goodtrain376.png,1
goodtrain377.png,1
goodtrain378.png,1
goodtrain379.png,1
goodtrain38.png,1
goodtrain380.png,1
goodtrain381.png,1
goodtrain382.png,1
goodtrain383.png,1
goodtrain384.png,1
goodtrain385.png,1
goodtrain386.png,1
goodtrain387.png,1
goodtrain388.png,1
goodtrain389.png,1
goodtrain39.png,1
goodtrain390.png,1
goodtrain391.png,1
goodtrain392.png,1
goodtrain393.png,1
goodtrain394.png,1
goodtrain395.png,1
goodtrain396.png,1
goodtrain397.png,1
goodtrain398.png,1
goodtrain399.png,1
goodtrain4.png,1
goodtrain40.png,1
goodtrain400.png,1
goodtrain401.png,1
goodtrain402.png,1
goodtrain403.png,1
goodtrain404.png,1
goodtrain405.png,1
goodtrain406.png,1
goodtrain407.png,1
goodtrain408.png,1
goodtrain409.png,1
goodtrain41.png,1
goodtrain410.png,1
goodtrain411.png,1
goodtrain412.png,1
goodtrain413.png,1
goodtrain414.png,1
goodtrain415.png,1
goodtrain416.png,1
goodtrain417.png,1
goodtrain418.png,1
goodtrain419.png,1
goodtrain42.png,1
goodtrain420.png,1
goodtrain421.png,1
goodtrain422.png,1
goodtrain423.png,1
goodtrain424.png,1
goodtrain425.png,1
goodtrain426.png,1
goodtrain427.png,1
goodtrain428.png,1
goodtrain429.png,1
goodtrain43.png,1
goodtrain430.png,1
goodtrain431.png,1
goodtrain432.png,1
goodtrain433.png,1
goodtrain434.png,1
goodtrain435.png,1
goodtrain436.png,1
goodtrain437.png,1
goodtrain438.png,1
goodtrain439.png,1
goodtrain44.png,1
goodtrain440.png,1
goodtrain441.png,1
goodtrain442.png,1
goodtrain443.png,1
goodtrain444.png,1
goodtrain445.png,1
goodtrain446.png,1
goodtrain447.png,1
goodtrain448.png,1
goodtrain449.png,1
goodtrain45.png,1
goodtrain450.png,1
goodtrain451.png,1
goodtrain452.png,1
goodtrain453.png,1
goodtrain454.png,1
goodtrain455.png,1
goodtrain456.png,1
goodtrain457.png,1
goodtrain458.png,1
goodtrain459.png,1
goodtrain46.png,1
goodtrain460.png,1
goodtrain461.png,1
goodtrain462.png,1
goodtrain463.png,1
goodtrain464.png,1
goodtrain465.png,1
goodtrain466.png,1
goodtrain467.png,1
goodtrain468.png,1
goodtrain469.png,1
goodtrain47.png,1
goodtrain470.png,1
goodtrain471.png,1
goodtrain472.png,1
goodtrain473.png,1
goodtrain474.png,1
goodtrain475.png,1
goodtrain476.png,1
goodtrain477.png,1
goodtrain478.png,1
goodtrain479.png,1
goodtrain48.png,1
goodtrain480.png,1
goodtrain481.png,1
goodtrain482.png,1
goodtrain483.png,1
goodtrain484.png,1
goodtrain485.png,1
goodtrain486.png,1
goodtrain487.png,1
goodtrain488.png,1
goodtrain489.png,1
goodtrain49.png,1
goodtrain490.png,1
goodtrain491.png,1
goodtrain492.png,1
goodtrain493.png,1
goodtrain494.png,1
goodtrain495.png,1
goodtrain496.png,1
goodtrain497.png,1
goodtrain498.png,1
goodtrain499.png,1
goodtrain5.png,1
goodtrain50.png,1
goodtrain500.png,1
goodtrain501.png,1
goodtrain502.png,1
goodtrain503.png,1
goodtrain504.png,1
goodtrain505.png,1
goodtrain506.png,1
goodtrain507.png,1
goodtrain508.png,1
goodtrain509.png,1
goodtrain51.png,1
goodtrain510.png,1
goodtrain511.png,1
goodtrain512.png,1
goodtrain513.png,1
goodtrain514.png,1
goodtrain515.png,1
goodtrain516.png,1
goodtrain517.png,1
goodtrain518.png,1
goodtrain519.png,1
goodtrain52.png,1
goodtrain520.png,1
goodtrain521.png,1
goodtrain522.png,1
goodtrain523.png,1
goodtrain524.png,1
goodtrain525.png,1
goodtrain526.png,1
goodtrain527.png,1
goodtrain528.png,1
goodtrain529.png,1
goodtrain53.png,1
goodtrain530.png,1
goodtrain531.png,1
goodtrain532.png,1
goodtrain533.png,1
goodtrain534.png,1
goodtrain535.png,1
goodtrain536.png,1
goodtrain537.png,1
goodtrain538.png,1
goodtrain539.png,1
goodtrain54.png,1
goodtrain540.png,1
goodtrain541.png,1
goodtrain542.png,1
goodtrain543.png,1
goodtrain544.png,1
goodtrain545.png,1
goodtrain546.png,1
goodtrain547.png,1
goodtrain548.png,1
goodtrain549.png,1
goodtrain55.png,1
goodtrain550.png,1
goodtrain551.png,1
goodtrain552.png,1
goodtrain553.png,1
goodtrain554.png,1
goodtrain555.png,1
goodtrain556.png,1
goodtrain557.png,1
goodtrain558.png,1
goodtrain559.png,1
goodtrain56.png,1
goodtrain560.png,1
goodtrain561.png,1
goodtrain562.png,1
goodtrain563.png,1
goodtrain564.png,1
goodtrain565.png,1
goodtrain566.png,1
goodtrain567.png,1
goodtrain568.png,1
goodtrain569.png,1
goodtrain57.png,1
goodtrain570.png,1
goodtrain571.png,1
goodtrain572.png,1
goodtrain573.png,1
goodtrain574.png,1
goodtrain575.png,1
goodtrain576.png,1
goodtrain577.png,1
goodtrain578.png,1
goodtrain579.png,1
goodtrain58.png,1
goodtrain580.png,1
goodtrain581.png,1
goodtrain582.png,1
goodtrain583.png,1
goodtrain584.png,1
goodtrain585.png,1
goodtrain586.png,1
goodtrain587.png,1
goodtrain588.png,1
goodtrain589.png,1
goodtrain59.png,1
goodtrain590.png,1
goodtrain591.png,1
goodtrain592.png,1
goodtrain593.png,1
goodtrain594.png,1
goodtrain595.png,1
goodtrain596.png,1
goodtrain597.png,1
goodtrain598.png,1
goodtrain599.png,1
goodtrain6.png,1
goodtrain60.png,1
goodtrain600.png,1
goodtrain601.png,1
goodtrain602.png,1
goodtrain603.png,1
goodtrain604.png,1
goodtrain605.png,1
goodtrain606.png,1
goodtrain607.png,1
goodtrain608.png,1
goodtrain609.png,1
goodtrain61.png,1
goodtrain610.png,1
goodtrain611.png,1
goodtrain612.png,1
goodtrain613.png,1
goodtrain614.png,1
goodtrain615.png,1
goodtrain616.png,1
goodtrain617.png,1
goodtrain618.png,1
goodtrain619.png,1
goodtrain62.png,1
goodtrain620.png,1
goodtrain621.png,1
goodtrain622.png,1
goodtrain623.png,1
goodtrain624.png,1
goodtrain625.png,1
goodtrain626.png,1
goodtrain627.png,1
goodtrain628.png,1
goodtrain629.png,1
goodtrain63.png,1
goodtrain630.png,1
goodtrain631.png,1
goodtrain632.png,1
goodtrain633.png,1
goodtrain634.png,1
goodtrain635.png,1
goodtrain636.png,1
goodtrain637.png,1
goodtrain638.png,1
goodtrain639.png,1
goodtrain64.png,1
goodtrain640.png,1
goodtrain641.png,1
goodtrain642.png,1
goodtrain643.png,1
goodtrain644.png,1
goodtrain645.png,1
goodtrain646.png,1
goodtrain647.png,1
goodtrain648.png,1
goodtrain649.png,1
goodtrain65.png,1
goodtrain650.png,1
goodtrain651.png,1
goodtrain652.png,1
goodtrain653.png,1
goodtrain654.png,1
goodtrain655.png,1
goodtrain656.png,1
goodtrain657.png,1
goodtrain658.png,1
goodtrain659.png,1
goodtrain66.png,1
goodtrain660.png,1
goodtrain661.png,1
goodtrain662.png,1
goodtrain663.png,1
goodtrain664.png,1
goodtrain665.png,1
goodtrain666.png,1
goodtrain667.png,1
goodtrain668.png,1
goodtrain669.png,1
goodtrain67.png,1
goodtrain670.png,1
goodtrain671.png,1
goodtrain672.png,1
goodtrain673.png,1
goodtrain674.png,1
goodtrain675.png,1
goodtrain676.png,1
goodtrain677.png,1
goodtrain678.png,1
goodtrain679.png,1
goodtrain68.png,1
goodtrain680.png,1
goodtrain681.png,1
goodtrain682.png,1
goodtrain683.png,1
goodtrain684.png,1
goodtrain685.png,1
goodtrain686.png,1
goodtrain687.png,1
goodtrain688.png,1
goodtrain689.png,1
goodtrain69.png,1
goodtrain690.png,1
goodtrain691.png,1
goodtrain692.png,1
goodtrain693.png,1
goodtrain694.png,1
goodtrain695.png,1
goodtrain696.png,1
goodtrain697.png,1
goodtrain698.png,1
goodtrain699.png,1
goodtrain7.png,1
goodtrain70.png,1
goodtrain700.png,1
goodtrain701.png,1
goodtrain702.png,1
goodtrain703.png,1
goodtrain704.png,1
goodtrain705.png,1
goodtrain706.png,1
goodtrain707.png,1
goodtrain708.png,1
goodtrain709.png,1
goodtrain71.png,1
goodtrain710.png,1
goodtrain711.png,1
goodtrain712.png,1
goodtrain713.png,1
goodtrain714.png,1
goodtrain715.png,1
goodtrain716.png,1
goodtrain717.png,1
goodtrain718.png,1
goodtrain719.png,1
goodtrain72.png,1
goodtrain720.png,1
goodtrain721.png,1
goodtrain722.png,1
goodtrain723.png,1
goodtrain724.png,1
goodtrain725.png,1
goodtrain726.png,1
goodtrain727.png,1
goodtrain728.png,1
goodtrain729.png,1
goodtrain73.png,1
goodtrain730.png,1
goodtrain731.png,1
goodtrain732.png,1
goodtrain733.png,1
goodtrain734.png,1
goodtrain735.png,1
goodtrain736.png,1
goodtrain737.png,1
goodtrain738.png,1
goodtrain739.png,1
goodtrain74.png,1
goodtrain740.png,1
goodtrain741.png,1
goodtrain742.png,1
goodtrain743.png,1
goodtrain744.png,1
goodtrain745.png,1
goodtrain746.png,1
goodtrain747.png,1
goodtrain748.png,1
goodtrain749.png,1
goodtrain75.png,1
goodtrain750.png,1
goodtrain751.png,1
goodtrain752.png,1
goodtrain753.png,1
goodtrain754.png,1
goodtrain755.png,1
goodtrain756.png,1
goodtrain757.png,1
goodtrain758.png,1
goodtrain759.png,1
goodtrain76.png,1
goodtrain760.png,1
goodtrain761.png,1
goodtrain762.png,1
goodtrain763.png,1
goodtrain764.png,1
goodtrain765.png,1
goodtrain766.png,1
goodtrain767.png,1
goodtrain768.png,1
goodtrain769.png,1
goodtrain77.png,1
goodtrain770.png,1
goodtrain771.png,1
goodtrain772.png,1
goodtrain773.png,1
goodtrain774.png,1
goodtrain775.png,1
goodtrain776.png,1
goodtrain777.png,1
goodtrain778.png,1
goodtrain779.png,1
goodtrain78.png,1
goodtrain780.png,1
goodtrain781.png,1
goodtrain782.png,1
goodtrain783.png,1
goodtrain784.png,1
goodtrain785.png,1
goodtrain786.png,1
goodtrain787.png,1
goodtrain788.png,1
goodtrain789.png,1
goodtrain79.png,1
goodtrain790.png,1
goodtrain791.png,1
goodtrain792.png,1
goodtrain793.png,1
goodtrain794.png,1
goodtrain795.png,1
goodtrain796.png,1
goodtrain797.png,1
goodtrain798.png,1
goodtrain799.png,1
goodtrain8.png,1
goodtrain80.png,1
goodtrain800.png,1
goodtrain801.png,1
goodtrain802.png,1
goodtrain803.png,1
goodtrain804.png,1
goodtrain805.png,1
goodtrain806.png,1
goodtrain807.png,1
goodtrain808.png,1
goodtrain809.png,1
goodtrain81.png,1
goodtrain810.png,1
goodtrain811.png,1
goodtrain812.png,1
goodtrain813.png,1
goodtrain814.png,1
goodtrain815.png,1
goodtrain816.png,1
goodtrain817.png,1
goodtrain818.png,1
goodtrain819.png,1
goodtrain82.png,1
goodtrain820.png,1
goodtrain821.png,1
goodtrain822.png,1
goodtrain823.png,1
goodtrain824.png,1
goodtrain825.png,1
goodtrain826.png,1
goodtrain827.png,1
goodtrain828.png,1
goodtrain829.png,1
goodtrain83.png,1
goodtrain830.png,1
goodtrain831.png,1
goodtrain832.png,1
goodtrain833.png,1
goodtrain834.png,1
goodtrain835.png,1
goodtrain836.png,1
goodtrain837.png,1
goodtrain838.png,1
goodtrain839.png,1
goodtrain84.png,1
goodtrain840.png,1
goodtrain841.png,1
goodtrain842.png,1
goodtrain843.png,1
goodtrain844.png,1
goodtrain845.png,1
goodtrain846.png,1
goodtrain847.png,1
goodtrain848.png,1
goodtrain849.png,1
goodtrain85.png,1
goodtrain850.png,1
goodtrain851.png,1
goodtrain852.png,1
goodtrain853.png,1
goodtrain854.png,1
goodtrain855.png,1
goodtrain856.png,1
goodtrain857.png,1
goodtrain858.png,1
goodtrain859.png,1
goodtrain86.png,1
goodtrain860.png,1
goodtrain861.png,1
goodtrain862.png,1
goodtrain863.png,1
goodtrain864.png,1
goodtrain865.png,1
goodtrain866.png,1
goodtrain867.png,1
goodtrain868.png,1
goodtrain869.png,1
goodtrain87.png,1
goodtrain870.png,1
goodtrain871.png,1
goodtrain872.png,1
goodtrain873.png,1
goodtrain874.png,1
goodtrain875.png,1
goodtrain876.png,1
goodtrain877.png,1
goodtrain878.png,1
goodtrain879.png,1
goodtrain88.png,1
goodtrain880.png,1
goodtrain881.png,1
goodtrain882.png,1
goodtrain883.png,1
goodtrain884.png,1
goodtrain885.png,1
goodtrain886.png,1
goodtrain887.png,1
goodtrain888.png,1
goodtrain889.png,1
goodtrain89.png,1
goodtrain890.png,1
goodtrain891.png,1
goodtrain892.png,1
goodtrain893.png,1
goodtrain894.png,1
goodtrain895.png,1
goodtrain896.png,1
goodtrain897.png,1
goodtrain898.png,1
goodtrain899.png,1
goodtrain9.png,1
goodtrain90.png,1
goodtrain900.png,1
goodtrain91.png,1
goodtrain92.png,1
goodtrain93.png,1
goodtrain94.png,1
goodtrain95.png,1
goodtrain96.png,1
goodtrain97.png,1
goodtrain98.png,1
goodtrain99.png,1
badtrain0.png,0
badtrain1.png,0
badtrain10.png,0
badtrain100.png,0
badtrain101.png,0
badtrain102.png,0
badtrain103.png,0
badtrain104.png,0
badtrain105.png,0
badtrain106.png,0
badtrain107.png,0
badtrain108.png,0
badtrain109.png,0
badtrain11.png,0
badtrain110.png,0
badtrain111.png,0
badtrain112.png,0
badtrain113.png,0
badtrain114.png,0
badtrain115.png,0
badtrain116.png,0
badtrain117.png,0
badtrain118.png,0
badtrain119.png,0
badtrain12.png,0
badtrain120.png,0
badtrain121.png,0
badtrain122.png,0
badtrain123.png,0
badtrain124.png,0
badtrain125.png,0
badtrain126.png,0
badtrain127.png,0
badtrain128.png,0
badtrain129.png,0
badtrain13.png,0
badtrain130.png,0
badtrain131.png,0
badtrain132.png,0
badtrain133.png,0
badtrain134.png,0
badtrain135.png,0
badtrain136.png,0
badtrain137.png,0
badtrain138.png,0
badtrain139.png,0
badtrain14.png,0
badtrain140.png,0
badtrain141.png,0
badtrain142.png,0
badtrain143.png,0
badtrain144.png,0
badtrain145.png,0
badtrain146.png,0
badtrain147.png,0
badtrain148.png,0
badtrain149.png,0
badtrain15.png,0
badtrain150.png,0
badtrain151.png,0
badtrain152.png,0
badtrain153.png,0
badtrain154.png,0
badtrain155.png,0
badtrain156.png,0
badtrain157.png,0
badtrain158.png,0
badtrain159.png,0
badtrain16.png,0
badtrain160.png,0
badtrain161.png,0
badtrain162.png,0
badtrain163.png,0
badtrain164.png,0
badtrain165.png,0
badtrain166.png,0
badtrain167.png,0
badtrain168.png,0
badtrain169.png,0
badtrain17.png,0
badtrain170.png,0
badtrain171.png,0
badtrain172.png,0
badtrain173.png,0
badtrain174.png,0
badtrain175.png,0
badtrain176.png,0
badtrain177.png,0
badtrain178.png,0
badtrain179.png,0
badtrain18.png,0
badtrain180.png,0
badtrain181.png,0
badtrain182.png,0
badtrain183.png,0
badtrain184.png,0
badtrain185.png,0
badtrain186.png,0
badtrain187.png,0
badtrain188.png,0
badtrain189.png,0
badtrain19.png,0
badtrain190.png,0
badtrain191.png,0
badtrain192.png,0
badtrain193.png,0
badtrain194.png,0
badtrain195.png,0
badtrain196.png,0
badtrain197.png,0
badtrain198.png,0
badtrain199.png,0
badtrain2.png,0
badtrain20.png,0
badtrain200.png,0
badtrain201.png,0
badtrain202.png,0
badtrain203.png,0
badtrain204.png,0
badtrain205.png,0
badtrain206.png,0
badtrain207.png,0
badtrain208.png,0
badtrain209.png,0
badtrain21.png,0
badtrain210.png,0
badtrain211.png,0
badtrain212.png,0
badtrain213.png,0
badtrain214.png,0
badtrain215.png,0
badtrain216.png,0
badtrain217.png,0
badtrain218.png,0
badtrain219.png,0
badtrain22.png,0
badtrain220.png,0
badtrain221.png,0
badtrain222.png,0
badtrain223.png,0
badtrain224.png,0
badtrain225.png,0
badtrain226.png,0
badtrain227.png,0
badtrain228.png,0
badtrain229.png,0
badtrain23.png,0
badtrain230.png,0
badtrain231.png,0
badtrain232.png,0
badtrain233.png,0
badtrain234.png,0
badtrain235.png,0
badtrain236.png,0
badtrain237.png,0
badtrain238.png,0
badtrain239.png,0
badtrain24.png,0
badtrain240.png,0
badtrain241.png,0
badtrain242.png,0
badtrain243.png,0
badtrain244.png,0
badtrain245.png,0
badtrain246.png,0
badtrain247.png,0
badtrain248.png,0
badtrain249.png,0
badtrain25.png,0
badtrain250.png,0
badtrain251.png,0
badtrain252.png,0
badtrain253.png,0
badtrain254.png,0
badtrain255.png,0
badtrain256.png,0
badtrain257.png,0
badtrain258.png,0
badtrain259.png,0
badtrain26.png,0
badtrain260.png,0
badtrain261.png,0
badtrain262.png,0
badtrain263.png,0
badtrain264.png,0
badtrain265.png,0
badtrain266.png,0
badtrain267.png,0
badtrain268.png,0
badtrain269.png,0
badtrain27.png,0
badtrain270.png,0
badtrain271.png,0
badtrain272.png,0
badtrain273.png,0
badtrain274.png,0
badtrain275.png,0
badtrain276.png,0
badtrain277.png,0
badtrain278.png,0
badtrain279.png,0
badtrain28.png,0
badtrain280.png,0
badtrain281.png,0
badtrain282.png,0
badtrain283.png,0
badtrain284.png,0
badtrain285.png,0
badtrain286.png,0
badtrain287.png,0
badtrain288.png,0
badtrain289.png,0
badtrain29.png,0
badtrain290.png,0
badtrain291.png,0
badtrain292.png,0
badtrain293.png,0
badtrain294.png,0
badtrain295.png,0
badtrain296.png,0
badtrain297.png,0
badtrain298.png,0
badtrain299.png,0
badtrain3.png,0
badtrain30.png,0
badtrain300.png,0
badtrain301.png,0
badtrain302.png,0
badtrain303.png,0
badtrain304.png,0
badtrain305.png,0
badtrain306.png,0
badtrain307.png,0
badtrain308.png,0
badtrain309.png,0
badtrain31.png,0
badtrain310.png,0
badtrain311.png,0
badtrain312.png,0
badtrain313.png,0
badtrain314.png,0
badtrain315.png,0
badtrain316.png,0
badtrain317.png,0
badtrain318.png,0
badtrain319.png,0
badtrain32.png,0
badtrain320.png,0
badtrain321.png,0
badtrain322.png,0
badtrain323.png,0
badtrain324.png,0
badtrain325.png,0
badtrain326.png,0
badtrain327.png,0
badtrain328.png,0
badtrain329.png,0
badtrain33.png,0
badtrain330.png,0
badtrain331.png,0
badtrain332.png,0
badtrain333.png,0
badtrain334.png,0
badtrain335.png,0
badtrain336.png,0
badtrain337.png,0
badtrain338.png,0
badtrain339.png,0
badtrain34.png,0
badtrain340.png,0
badtrain341.png,0
badtrain342.png,0
badtrain343.png,0
badtrain344.png,0
badtrain345.png,0
badtrain346.png,0
badtrain347.png,0
badtrain348.png,0
badtrain349.png,0
badtrain35.png,0
badtrain350.png,0
badtrain351.png,0
badtrain352.png,0
badtrain353.png,0
badtrain354.png,0
badtrain355.png,0
badtrain356.png,0
badtrain357.png,0
badtrain358.png,0
badtrain359.png,0
badtrain36.png,0
badtrain360.png,0
badtrain361.png,0
badtrain362.png,0
badtrain363.png,0
badtrain364.png,0
badtrain365.png,0
badtrain366.png,0
badtrain367.png,0
badtrain368.png,0
badtrain369.png,0
badtrain37.png,0
badtrain370.png,0
badtrain371.png,0
badtrain372.png,0
badtrain373.png,0
badtrain374.png,0
badtrain375.png,0
badtrain376.png,0
badtrain377.png,0
badtrain378.png,0
badtrain379.png,0
badtrain38.png,0
badtrain380.png,0
badtrain381.png,0
badtrain382.png,0
badtrain383.png,0
badtrain384.png,0
badtrain385.png,0
badtrain386.png,0
badtrain387.png,0
badtrain388.png,0
badtrain389.png,0
badtrain39.png,0
badtrain390.png,0
badtrain391.png,0
badtrain392.png,0
badtrain393.png,0
badtrain394.png,0
badtrain395.png,0
badtrain396.png,0
badtrain397.png,0
badtrain398.png,0
badtrain399.png,0
badtrain4.png,0
badtrain40.png,0
badtrain400.png,0
badtrain401.png,0
badtrain402.png,0
badtrain403.png,0
badtrain404.png,0
badtrain405.png,0
badtrain406.png,0
badtrain407.png,0
badtrain408.png,0
badtrain409.png,0
badtrain41.png,0
badtrain410.png,0
badtrain411.png,0
badtrain412.png,0
badtrain413.png,0
badtrain414.png,0
badtrain415.png,0
badtrain416.png,0
badtrain417.png,0
badtrain418.png,0
badtrain419.png,0
badtrain42.png,0
badtrain420.png,0
badtrain421.png,0
badtrain422.png,0
badtrain423.png,0
badtrain424.png,0
badtrain425.png,0
badtrain426.png,0
badtrain427.png,0
badtrain428.png,0
badtrain429.png,0
badtrain43.png,0
badtrain430.png,0
badtrain431.png,0
badtrain432.png,0
badtrain433.png,0
badtrain434.png,0
badtrain435.png,0
badtrain436.png,0
badtrain437.png,0
badtrain438.png,0
badtrain439.png,0
badtrain44.png,0
badtrain440.png,0
badtrain441.png,0
badtrain442.png,0
badtrain443.png,0
badtrain444.png,0
badtrain445.png,0
badtrain446.png,0
badtrain447.png,0
badtrain448.png,0
badtrain449.png,0
badtrain45.png,0
badtrain450.png,0
badtrain451.png,0
badtrain452.png,0
badtrain453.png,0
badtrain454.png,0
badtrain455.png,0
badtrain456.png,0
badtrain457.png,0
badtrain458.png,0
badtrain459.png,0
badtrain46.png,0
badtrain460.png,0
badtrain461.png,0
badtrain462.png,0
badtrain463.png,0
badtrain464.png,0
badtrain465.png,0
badtrain466.png,0
badtrain467.png,0
badtrain468.png,0
badtrain469.png,0
badtrain47.png,0
badtrain470.png,0
badtrain471.png,0
badtrain472.png,0
badtrain473.png,0
badtrain474.png,0
badtrain475.png,0
badtrain476.png,0
badtrain477.png,0
badtrain478.png,0
badtrain479.png,0
badtrain48.png,0
badtrain480.png,0
badtrain481.png,0
badtrain482.png,0
badtrain483.png,0
badtrain484.png,0
badtrain485.png,0
badtrain486.png,0
badtrain487.png,0
badtrain488.png,0
badtrain489.png,0
badtrain49.png,0
badtrain490.png,0
badtrain491.png,0
badtrain492.png,0
badtrain493.png,0
badtrain494.png,0
badtrain495.png,0
badtrain496.png,0
badtrain497.png,0
badtrain498.png,0
badtrain499.png,0
badtrain5.png,0
badtrain50.png,0
badtrain500.png,0
badtrain501.png,0
badtrain502.png,0
badtrain503.png,0
badtrain504.png,0
badtrain505.png,0
badtrain506.png,0
badtrain507.png,0
badtrain508.png,0
badtrain509.png,0
badtrain51.png,0
badtrain510.png,0
badtrain511.png,0
badtrain512.png,0
badtrain513.png,0
badtrain514.png,0
badtrain515.png,0
badtrain516.png,0
badtrain517.png,0
badtrain518.png,0
badtrain519.png,0
badtrain52.png,0
badtrain520.png,0
badtrain521.png,0
badtrain522.png,0
badtrain523.png,0
badtrain524.png,0
badtrain525.png,0
badtrain526.png,0
badtrain527.png,0
badtrain528.png,0
badtrain529.png,0
badtrain53.png,0
badtrain530.png,0
badtrain531.png,0
badtrain532.png,0
badtrain533.png,0
badtrain534.png,0
badtrain535.png,0
badtrain536.png,0
badtrain537.png,0
badtrain538.png,0
badtrain539.png,0
badtrain54.png,0
badtrain540.png,0
badtrain541.png,0
badtrain542.png,0
badtrain543.png,0
badtrain544.png,0
badtrain545.png,0
badtrain546.png,0
badtrain547.png,0
badtrain548.png,0
badtrain549.png,0
badtrain55.png,0
badtrain550.png,0
badtrain551.png,0
badtrain552.png,0
badtrain553.png,0
badtrain554.png,0
badtrain555.png,0
badtrain556.png,0
badtrain557.png,0
badtrain558.png,0
badtrain559.png,0
badtrain56.png,0
badtrain560.png,0
badtrain561.png,0
badtrain562.png,0
badtrain563.png,0
badtrain564.png,0
badtrain565.png,0
badtrain566.png,0
badtrain567.png,0
badtrain568.png,0
badtrain569.png,0
badtrain57.png,0
badtrain570.png,0
badtrain571.png,0
badtrain572.png,0
badtrain573.png,0
badtrain574.png,0
badtrain575.png,0
badtrain576.png,0
badtrain577.png,0
badtrain578.png,0
badtrain579.png,0
badtrain58.png,0
badtrain580.png,0
badtrain581.png,0
badtrain582.png,0
badtrain583.png,0
badtrain584.png,0
badtrain585.png,0
badtrain586.png,0
badtrain587.png,0
badtrain588.png,0
badtrain589.png,0
badtrain59.png,0
badtrain590.png,0
badtrain591.png,0
badtrain592.png,0
badtrain593.png,0
badtrain594.png,0
badtrain595.png,0
badtrain596.png,0
badtrain597.png,0
badtrain598.png,0
badtrain599.png,0
badtrain6.png,0
badtrain60.png,0
badtrain600.png,0
badtrain601.png,0
badtrain602.png,0
badtrain603.png,0
badtrain604.png,0
badtrain605.png,0
badtrain606.png,0
badtrain607.png,0
badtrain608.png,0
badtrain609.png,0
badtrain61.png,0
badtrain610.png,0
badtrain611.png,0
badtrain612.png,0
badtrain613.png,0
badtrain614.png,0
badtrain615.png,0
badtrain616.png,0
badtrain617.png,0
badtrain618.png,0
badtrain619.png,0
badtrain62.png,0
badtrain620.png,0
badtrain621.png,0
badtrain622.png,0
badtrain623.png,0
badtrain624.png,0
badtrain625.png,0
badtrain626.png,0
badtrain627.png,0
badtrain628.png,0
badtrain629.png,0
badtrain63.png,0
badtrain630.png,0
badtrain631.png,0
badtrain632.png,0
badtrain633.png,0
badtrain634.png,0
badtrain635.png,0
badtrain636.png,0
badtrain637.png,0
badtrain638.png,0
badtrain639.png,0
badtrain64.png,0
badtrain640.png,0
badtrain641.png,0
badtrain642.png,0
badtrain643.png,0
badtrain644.png,0
badtrain645.png,0
badtrain646.png,0
badtrain647.png,0
badtrain648.png,0
badtrain649.png,0
badtrain65.png,0
badtrain650.png,0
badtrain651.png,0
badtrain652.png,0
badtrain653.png,0
badtrain654.png,0
badtrain655.png,0
badtrain656.png,0
badtrain657.png,0
badtrain658.png,0
badtrain659.png,0
badtrain66.png,0
badtrain660.png,0
badtrain661.png,0
badtrain662.png,0
badtrain663.png,0
badtrain664.png,0
badtrain665.png,0
badtrain666.png,0
badtrain667.png,0
badtrain668.png,0
badtrain669.png,0
badtrain67.png,0
badtrain670.png,0
badtrain671.png,0
badtrain672.png,0
badtrain673.png,0
badtrain674.png,0
badtrain675.png,0
badtrain676.png,0
badtrain677.png,0
badtrain678.png,0
badtrain679.png,0
badtrain68.png,0
badtrain680.png,0
badtrain681.png,0
badtrain682.png,0
badtrain683.png,0
badtrain684.png,0
badtrain685.png,0
badtrain686.png,0
badtrain687.png,0
badtrain688.png,0
badtrain689.png,0
badtrain69.png,0
badtrain690.png,0
badtrain691.png,0
badtrain692.png,0
badtrain693.png,0
badtrain694.png,0
badtrain695.png,0
badtrain696.png,0
badtrain697.png,0
badtrain698.png,0
badtrain699.png,0
badtrain7.png,0
badtrain70.png,0
badtrain700.png,0
badtrain701.png,0
badtrain702.png,0
badtrain703.png,0
badtrain704.png,0
badtrain705.png,0
badtrain706.png,0
badtrain707.png,0
badtrain708.png,0
badtrain709.png,0
badtrain71.png,0
badtrain710.png,0
badtrain711.png,0
badtrain712.png,0
badtrain713.png,0
badtrain714.png,0
badtrain715.png,0
badtrain716.png,0
badtrain717.png,0
badtrain718.png,0
badtrain719.png,0
badtrain72.png,0
badtrain720.png,0
badtrain721.png,0
badtrain722.png,0
badtrain723.png,0
badtrain724.png,0
badtrain725.png,0
badtrain726.png,0
badtrain727.png,0
badtrain728.png,0
badtrain729.png,0
badtrain73.png,0
badtrain730.png,0
badtrain731.png,0
badtrain732.png,0
badtrain733.png,0
badtrain734.png,0
badtrain735.png,0
badtrain736.png,0
badtrain737.png,0
badtrain738.png,0
badtrain739.png,0
badtrain74.png,0
badtrain740.png,0
badtrain741.png,0
badtrain742.png,0
badtrain743.png,0
badtrain744.png,0
badtrain745.png,0
badtrain746.png,0
badtrain747.png,0
badtrain748.png,0
badtrain749.png,0
badtrain75.png,0
badtrain750.png,0
badtrain751.png,0
badtrain752.png,0
badtrain753.png,0
badtrain754.png,0
badtrain755.png,0
badtrain756.png,0
badtrain757.png,0
badtrain758.png,0
badtrain759.png,0
badtrain76.png,0
badtrain760.png,0
badtrain761.png,0
badtrain762.png,0
badtrain763.png,0
badtrain764.png,0
badtrain765.png,0
badtrain766.png,0
badtrain767.png,0
badtrain768.png,0
badtrain769.png,0
badtrain77.png,0
badtrain770.png,0
badtrain771.png,0
badtrain772.png,0
badtrain773.png,0
badtrain774.png,0
badtrain775.png,0
badtrain776.png,0
badtrain777.png,0
badtrain778.png,0
badtrain779.png,0
badtrain78.png,0
badtrain780.png,0
badtrain781.png,0
badtrain782.png,0
badtrain783.png,0
badtrain784.png,0
badtrain785.png,0
badtrain786.png,0
badtrain787.png,0
badtrain788.png,0
badtrain789.png,0
badtrain79.png,0
badtrain790.png,0
badtrain791.png,0
badtrain792.png,0
badtrain793.png,0
badtrain794.png,0
badtrain795.png,0
badtrain796.png,0
badtrain797.png,0
badtrain798.png,0
badtrain799.png,0
badtrain8.png,0
badtrain80.png,0
badtrain800.png,0
badtrain801.png,0
badtrain802.png,0
badtrain803.png,0
badtrain804.png,0
badtrain805.png,0
badtrain806.png,0
badtrain807.png,0
badtrain808.png,0
badtrain809.png,0
badtrain81.png,0
badtrain810.png,0
badtrain811.png,0
badtrain812.png,0
badtrain813.png,0
badtrain814.png,0
badtrain815.png,0
badtrain816.png,0
badtrain817.png,0
badtrain818.png,0
badtrain819.png,0
badtrain82.png,0
badtrain820.png,0
badtrain821.png,0
badtrain822.png,0
badtrain823.png,0
badtrain824.png,0
badtrain825.png,0
badtrain826.png,0
badtrain827.png,0
badtrain828.png,0
badtrain829.png,0
badtrain83.png,0
badtrain830.png,0
badtrain831.png,0
badtrain832.png,0
badtrain833.png,0
badtrain834.png,0
badtrain835.png,0
badtrain836.png,0
badtrain837.png,0
badtrain838.png,0
badtrain839.png,0
badtrain84.png,0
badtrain840.png,0
badtrain841.png,0
badtrain842.png,0
badtrain843.png,0
badtrain844.png,0
badtrain845.png,0
badtrain846.png,0
badtrain847.png,0
badtrain848.png,0
badtrain849.png,0
badtrain85.png,0
badtrain850.png,0
badtrain86.png,0
badtrain87.png,0
badtrain88.png,0
badtrain89.png,0
badtrain9.png,0
badtrain90.png,0
badtrain91.png,0
badtrain92.png,0
badtrain93.png,0
badtrain94.png,0
badtrain95.png,0
badtrain96.png,0
badtrain97.png,0
badtrain98.png,0
badtrain99.png,0
